Marka Kodu	Tip Kodu	Marka Adı	Tip Adı	2019	2018	2017	2016	2015	2014	2013	2012
89	1028	MAZDA	3 HB SKY-G 1.5 120 REFLEX 6AT	1261157	1135483	1082224	990782	909139	817492	0	0
89	1022	MAZDA	3 SEDAN SKY-G 1.5 120 REFLEX 6AT	1261157	1131036	1075244	991348	907505	817579	0	0
89	1020	MAZDA	3 SEDAN SKY-G 1.5 120 MOTION 6AT	1201674	1097326	1041671	957734	874093	792116	0	0
89	1021	MAZDA	3 SEDAN SKY-G 1.5 120 REFLEX	1201674	1097741	1042309	959045	874617	784930	0	0
89	1026	MAZDA	3 HB SKY-G 1.5 120 MOTION 6AT	1201621	1064028	1009752	924085	840487	757697	0	0
89	1027	MAZDA	3 HB SKY-G 1.5 120 REFLEX	1201621	1097741	1041609	957199	873923	784875	0	0
111	1226	OPEL	ASTRA HB DYNAMIC 1.6 DIZEL 136 MT6 S&S	1158608	1038598	977458	910709	826871	0	0	0
122	1206	RENAULT (OYAK)	MEGANE SEDAN TOUCH 1.6 16V 115	1158307	0	0	0	0	0	0	0
89	1025	MAZDA	3 HB SKY-G 1.5 120 MOTION	1143988	1025527	970641	883980	802913	726666	0	0
89	1019	MAZDA	3 SEDAN SKY-G 1.5 120 MOTION	1143988	1063792	1009752	924202	840388	759500	0	0
111	1227	OPEL	ASTRA HB DYNAMIC 1.6 DIZEL 136 AT6	1139708	1069918	1037604	981205	951841	0	0	0
122	1200	RENAULT (OYAK)	MEGANE SEDAN JOY PLUS 1.5 DCI EDC 110	1135505	1090084	0	0	0	0	0	0
111	1225	OPEL	ASTRA HB DYNAMIC 1.4 150 MT6	1134697	1038571	990827	831704	819525	0	0	0
133	1168	SKODA	OCTAVIA 1.0 TSI 115 AMBITION	1132669	986932	920257	842680	0	0	0	0
111	1380	OPEL	ASTRA HB 1.6 DIZEL 136 AT6 S&S 120. YIL	1120694	0	0	0	0	0	0	0
133	1173	SKODA	OCTAVIA 1.6 TDI CR 115 AMBITION	1119015	973964	907226	0	0	0	0	0
123	2048	RENAULT	CAPTUR TOUCH 1.5 DCI 90 S&S	1115442	1070824	1017284	966418	889106	844649	802417	0
122	1157	RENAULT (OYAK)	MEGANE SEDAN TOUCH 1.5 DCI 110	1097634	1053728	1001041	950989	0	0	0	0
94	440	MITSUBISHI	ASX 1.6 INTENSE	1081452	979257	953209	896300	785730	781434	667848	635526
111	1221	OPEL	ASTRA HB ENJOY 1.4 150 MT6	1064866	973857	846046	833645	752685	0	0	0
111	1313	OPEL	CROSSLAND X 1.2 110 AT ENJOY	1062686	937449	844180	0	0	0	0	0
122	1154	RENAULT (OYAK)	MEGANE SEDAN JOY 1.5 DCI 90	1060298	1017886	966992	918644	0	0	0	0
89	1018	MAZDA	3 SEDAN SKY-G 1.5 120 SOUL	1055435	994591	970641	883959	802944	726666	0	0
122	1153	RENAULT (OYAK)	MEGANE SEDAN JOY 1.6 16V 115	1038503	996962	947114	899760	0	0	0	0
111	1246	OPEL	ASTRA NB 1.4 140 AT DESIGN	946471	852282	835470	800936	0	0	0	0
Q	1148	KIA	CEED SW LIVE 1.4 100	929297	0	0	0	0	0	0	0
122	1201	RENAULT (OYAK)	MEGANE SEDAN JOY PLUS 1.5 DCI 90	927053	889970	0	0	0	0	0	0
111	1032	OPEL	ASTRA SEDAN 1.4 140 SPORT	903594	827493	815419	803473	791707	771234	753420	576513
111	1371	OPEL	COMBO EXCELLENCE 1.5 102 DIZEL MT5	893380	0	0	0	0	0	0	0
111	1156	OPEL	CORSA 5 KAPI ENJOY 1.4 90 OV	868873	771675	749741	739497	693957	0	0	0
111	1361	OPEL	CORSA 1.4 90 AT6 120. YIL	868671	0	0	0	0	0	0	0
111	1234	OPEL	CORSA 5 KAPI 1.4 90 AT6 DESIGN	838189	793096	783409	708913	0	0	0	0
114	2051	PEUGEOT	208 ACTIVE 1.2 PURETECH 110 EAT6 S&S	829076	783716	726333	670332	0	0	0	0
111	1152	OPEL	CORSA 5 KAPI ESSENTIA 1.4 90 OV	810712	755581	746356	709048	660807	0	0	0
111	1370	OPEL	COMBO ENJOY 1.5 102 DIZEL MT5	809388	0	0	0	0	0	0	0
114	2139	PEUGEOT	208 SIGNATURE 1.2 PURETECH 110 EAT6	795486	0	0	0	0	0	0	0
111	1238	OPEL	CORSA 5 KAPI 1.2 70 ENJOY	735725	683055	659473	585115	0	0	0	0
114	2138	PEUGEOT	208 SIGNATURE 1.2 PURETECH 82	731823	0	0	0	0	0	0	0
114	2061	PEUGEOT	208 ACTIVE 1.2 PURETECH 82 FL	720742	644324	600724	0	0	0	0	0
111	1151	OPEL	CORSA 5 KAPI ESSENTIA 1.2 70	668632	593526	586867	578627	557865	0	0	0
21	1160	BMW	116d ED HATCBACK 1.5 (116) JOY PLUS	0	0	0	1177654	0	0	0	0
21	1158	BMW	116d ED HATCBACK 1.5 (116) PURE	0	0	0	1177654	0	0	0	0
21	1739	BMW	116i OV M AERODINAMI	0	0	0	0	1016992	0	0	0
21	1130	BMW	118i 5 KAPI 1.5 (136)	0	0	0	1134336	1049525	0	0	0
21	1098	BMW	118i 5 KAPI 1.6 (136)	0	0	0	1148202	1065782	0	0	0
114	1079	PEUGEOT	2008 ACCESS 1.2 e-VTI 82 ETG5 S&S	0	0	0	0	677819	622006	0	0
114	1096	PEUGEOT	2008 ACCESS 1.2 PURETCEH 82 S&S ETG5	0	0	0	725665	684583	628241	0	0
114	1095	PEUGEOT	2008 ACCESS 1.2 PURETECH 82	0	0	0	671909	633888	581692	0	0
114	1080	PEUGEOT	2008 ACTIVE 1.2 e-VTI 82 ETG5 S&S	0	0	0	0	677819	622006	0	0
114	2035	PEUGEOT	2008 ACTIVE 1.2 PURETECH 110 EAT6 S&S	0	847964	799974	754690	0	0	0	0
114	1097	PEUGEOT	2008 ACTIVE 1.2 PURETECH 82	0	0	0	722489	681598	625463	0	0
114	1098	PEUGEOT	2008 ACTIVE 1.2 PURETECH 82 S&S ETG5	0	0	0	780290	736120	675526	0	0
114	2104	PEUGEOT	2008 ACTIVE 1.6 BLUEHDI 100	0	866536	0	0	0	0	0	0
114	2056	PEUGEOT	2008 ACTIVE 1.6 BLUEHDI 100 ETG6 S&S	0	941324	888049	837773	0	0	0	0
114	1099	PEUGEOT	2008 ACTIVE 1.6 e-HDI 92 S&S ETG6	0	932008	879265	829483	782531	718107	0	0
114	1081	PEUGEOT	2008 ALLURE 1.2 e-VTI 82 ETG5	0	0	0	0	765927	702855	0	0
114	2036	PEUGEOT	2008 ALLURE 1.2 PURETECH 110 EAT6 S&S	0	958219	903977	852812	0	0	0	0
114	1100	PEUGEOT	2008 ALLURE 1.2 PURETECH 82 S&S ETG5	0	0	0	819991	773593	709896	0	0
114	2105	PEUGEOT	2008 ALLURE 1.6 BLUEHDI 100	0	1026776	0	0	0	0	0	0
114	2057	PEUGEOT	2008 ALLURE 1.6 BLUEHDI 100 ETG6 S&S	0	1022378	1000263	992709	0	0	0	0
114	1101	PEUGEOT	2008 ALLURE 1.6 E-HDI 92 S&S ETG6	0	0	996115	982870	927247	850895	0	0
114	1150	PEUGEOT	2008 CLASSIC EDITION 1.6 e-HDI 92	0	0	0	883023	0	0	0	0
114	2037	PEUGEOT	2008 GT-LINE 1.2 PURETECH 110 EAT6	0	1006126	949182	895453	0	0	0	0
114	2038	PEUGEOT	2008 GT-LINE 1.6 E-HDI 92 ETG6	0	0	0	1032007	0	0	0	0
114	2071	PEUGEOT	2008 TECHNO EDITION 1.6 BLUEHDI 100 ETG6 S6S	0	0	843644	0	0	0	0	0
114	2070	PEUGEOT	2008 TECHNO EDITION 1.6 E-HDI 92 S&S	0	0	776143	0	0	0	0	0
114	1088	PEUGEOT	208 ACCESS 1.0 PURETECH 68	0	0	0	0	430890	391717	0	0
114	1089	PEUGEOT	208 ACCESS 1.2 PURETECH 82	0	0	0	0	453206	411996	0	0
114	1090	PEUGEOT	208 ACCESS 1.2 PURETECH 82 ETG5	0	0	0	0	593602	579354	0	0
114	1127	PEUGEOT	208 ACCESS 1.2 PURETECH 82 ETG5 FL	0	0	0	570128	562114	0	0	0
114	1143	PEUGEOT	208 ACCESS 1.2 PURETECH 82 ETG5 S&S FL	0	648465	606042	566388	0	0	0	0
114	1126	PEUGEOT	208 ACCESS 1.2 PURETECH 82 FL	0	582936	544814	526668	522918	0	0	0
114	1131	PEUGEOT	208 ACCESS 1.4 HDI 68 FL	0	0	0	531222	494047	0	0	0
114	1148	PEUGEOT	208 ACCESS 1.6 HDI 92	0	690652	611201	571219	0	0	0	0
114	1091	PEUGEOT	208 ACTIVE 1.2 PURETECH 82	0	0	0	0	489446	444960	0	0
114	1092	PEUGEOT	208 ACTIVE 1.2 PURETECH 82 ETG5	0	0	0	0	542796	529774	0	0
114	1128	PEUGEOT	208 ACTIVE 1.2 PURETECH 82 ETG5 FL	0	0	0	633701	555037	0	0	0
114	1144	PEUGEOT	208 ACTIVE 1.2 PURETECH 82 ETG5 S&S FL	0	736057	684348	633701	0	0	0	0
114	1132	PEUGEOT	208 ACTIVE 1.4 HDI 68 FL	0	0	0	577402	537001	0	0	0
114	2110	PEUGEOT	208 ACTIVE 1.6 BLUEHDI 100 E6	0	776273	0	0	0	0	0	0
114	2055	PEUGEOT	208 ACTIVE 1.6 BLUEHDI 100 ETG6 S&S	0	843776	753374	664679	0	0	0	0
114	1147	PEUGEOT	208 ACTIVE 1.6 E-HDI 92 ETG6 S&S	0	0	0	686898	616911	0	0	0
114	1149	PEUGEOT	208 ACTIVE 1.6 HDI 92	0	710851	664345	602851	0	0	0	0
114	1133	PEUGEOT	208 ACTIVE 1.6 HDI 92 ETG6 FL	0	0	0	659492	557767	0	0	0
114	2052	PEUGEOT	208 ACTIVE SKYPACK 1.2 PURETECH 110 EAT6 S&S	0	0	0	679706	0	0	0	0
114	1146	PEUGEOT	208 ALLURE 1.2 PURETECH 110 EAT6 S&S FL	0	800429	748063	742499	0	0	0	0
114	1093	PEUGEOT	208 ALLURE 1.2 PURETECH 82 ETG5	0	0	0	0	570911	518985	0	0
114	1129	PEUGEOT	208 ALLURE 1.2 PURETECH 82 ETG5 FL	0	0	0	705867	590088	0	0	0
114	1094	PEUGEOT	208 ALLURE 1.6 HDI 92 S&S ETG6	0	0	0	0	668433	602039	0	0
114	1130	PEUGEOT	208 GT LINE 1.2 PURETECH 110 EAT6 FL	0	793030	734280	679892	625507	0	0	0
114	1134	PEUGEOT	208 GTI 1.6 THP 208 FL	0	0	0	889949	818767	0	0	0
114	2068	PEUGEOT	208 TECHNO EDITION 1.2 PURETECH 82	0	0	560011	0	0	0	0	0
114	2069	PEUGEOT	208 TECHNO EDITION 1.2 PURETECH 82 ETG5 S6S	0	0	604814	0	0	0	0	0
21	1163	BMW	218i ACTIVE TOURER 1.5 (136) JOY	0	0	0	1113116	0	0	0	0
114	2042	PEUGEOT	3008 ACCESS 1.2 PURETECH 130	0	1028193	960930	898063	0	0	0	0
114	2043	PEUGEOT	3008 ACCESS 1.2 PURETECH 130 EAT6	0	1117602	1044493	976157	0	0	0	0
114	2044	PEUGEOT	3008 ACTIVE 1.2 PURETCH 130	0	1105588	1033250	965668	0	0	0	0
114	1106	PEUGEOT	3008 ALLURE 1.6 E-HDI 115 ETG6	0	0	0	0	956402	832882	0	0
114	1082	PEUGEOT	3008 ALLURE 1.6 e-HDI 115 S&S	0	0	0	0	842884	766243	0	0
114	1122	PEUGEOT	3008 FELINE 1.6 BLUEHDI 120 EAT6	0	0	0	1083500	1012614	0	0	0
114	1083	PEUGEOT	3008 FELINE 1.6 e-HDI 115 ETG6	0	0	0	0	964398	876717	0	0
114	1104	PEUGEOT	308 ACCESS 1.2 PURETECH 82	0	0	763242	706708	654360	589373	0	0
114	1073	PEUGEOT	308 ACCESS 1.2 VTI 82	0	0	0	0	617323	555987	0	0
114	2089	PEUGEOT	308 ACCESS 1.6 BLUEHDI 100 S&S	0	840548	778288	0	0	0	0	0
114	2092	PEUGEOT	308 ACTIVE 1.2 PURETECH 110 S&S	0	864056	800056	0	0	0	0	0
114	1111	PEUGEOT	308 ACTIVE 1.2 PURETECH 130	0	0	824297	763242	706708	636512	0	0
114	1112	PEUGEOT	308 ACTIVE 1.2 PURETECH 130 EAT6	0	0	927111	876629	854663	775136	0	0
114	2087	PEUGEOT	308 ACTIVE 1.2 PURETECH 130 EAT6 S&S	0	1016306	932368	0	0	0	0	0
114	1105	PEUGEOT	308 ACTIVE 1.2 PURETECH 82	0	0	829613	768151	711254	640601	0	0
114	2090	PEUGEOT	308 ACTIVE 1.6 BLUEHDI 100 S&S	0	913100	845452	0	0	0	0	0
114	1116	PEUGEOT	308 ACTIVE 1.6 BLUEHDI 120 EAT6	0	958204	940927	884761	864425	0	0	0
114	1075	PEUGEOT	308 ACTIVE 1.6 e-HDI S&S 115	0	0	835442	773556	716255	605071	0	0
114	1113	PEUGEOT	308 ALLURE 1.2 PURETECH 130	0	0	906727	839565	777392	700173	0	0
114	1114	PEUGEOT	308 ALLURE 1.2 PURETECH 130 EAT6	0	1064430	985576	912563	821317	761044	0	0
114	1117	PEUGEOT	308 ALLURE 1.6 BLUEHDI 120 EAT6	0	1111595	1029264	953007	837357	0	0	0
114	2040	PEUGEOT	308 CLASSIC EDITION 1.6 E-HDI 115 S&S	0	0	0	767824	0	0	0	0
114	2039	PEUGEOT	308 CLASSIC EDITION 1.6 HDI	0	0	0	744807	0	0	0	0
114	2041	PEUGEOT	308 CLASSIC EDITION PLUS 1.6 E-HDI 115 S&S	0	0	0	752380	0	0	0	0
114	1151	PEUGEOT	308 STYLE 1.6 BLUEHDI 120 EAT6 S&S	0	0	988085	935903	0	0	0	0
114	2073	PEUGEOT	308 TECHNO EDITION 1.2 PURETECH 130 EAT6 S&S	0	0	920508	0	0	0	0	0
114	2072	PEUGEOT	308 TECHNO EDITION 1.2 PURETECH 130 S&S	0	0	852342	0	0	0	0	0
114	2075	PEUGEOT	308 TECHNO EDITION 1.6 BLUE HDI 120 EAT6 S&S	0	0	968071	0	0	0	0	0
114	2074	PEUGEOT	308 TECHNO EDITION 1.6 E-HDI 115 S&S	0	0	890645	0	0	0	0	0
114	1138	PEUGEOT	508 ACCESS 1.6 BLUEHDI 120 EAT6 S&S	0	0	0	1005520	863903	0	0	0
114	1137	PEUGEOT	508 ACCESS 1.6 BLUEHDI 120 S&S	0	0	0	904973	837934	0	0	0
114	1115	PEUGEOT	508 ACCESS 1.6 e-HDI 115 S&S ETG6	0	0	0	0	903929	806657	0	0
114	1108	PEUGEOT	508 ACTIVE 1.6 E-HDI 115 ETG6 S&S	0	0	0	0	907892	871214	0	0
114	1135	PEUGEOT	508 ACTIVE 1.6 THP 165 EAT6 S&S	0	1121264	1038199	961310	890110	0	0	0
114	1118	PEUGEOT	508 ACTIVE 1.6 THP 165 S&S OV	0	0	0	0	892288	0	0	0
114	1110	PEUGEOT	508 ALLURE 1.6 E-HDI 115 ETG6 S&S	0	0	0	0	1083340	957688	0	0
114	1109	PEUGEOT	508 ALLURE 1.6 THP 165 S&S OV	0	0	0	0	999365	824413	0	0
114	2053	PEUGEOT	508 BUSINESS 1.6 BLUEHDI 120 S&S	0	0	1056345	969113	0	0	0	0
114	1084	PEUGEOT	508 SW ACTIVE 1.6 HDI 115 AUTO6R S&S	0	0	0	0	875154	788244	0	0
114	1107	PEUGEOT	508 SW ACTIVE 1.6 THP 156 OV	0	0	0	0	820972	739425	0	0
89	1052	MAZDA	6 2.2 SKY-D POWER SENSE AT	0	0	0	1175580	1065659	0	0	0
9	1174	AUDI	A1 SPORTBACK 1.0 TFSI 95 BASIC S TRONIC PI	0	0	0	915767	888294	0	0	0
9	1289	AUDI	A1 SPORTBACK 1.0 TFSI 95 DYNAMIC S TRONIC	0	0	837793	0	0	0	0	0
9	1290	AUDI	A1 SPORTBACK 1.0 TFSI 95 SPORT S TRONIC	0	0	869172	0	0	0	0	0
9	1175	AUDI	A1 SPORTBACK 1.0 TFSI 95 SPORT S TRONIC PI	0	0	0	915767	888294	0	0	0
9	1315	AUDI	A1 SPORTBACK 1.4 TFSI 125 DYNAMIC S TRONIC	0	0	1019308	0	0	0	0	0
9	1178	AUDI	A1 SPORTBACK 1.6 TDI 116 BASIC S TRONIC PI	0	0	1054607	972014	942853	0	0	0
90	2124	MERCEDES	A180 CDI 1.5 STYLE	0	0	0	0	0	1008649	0	0
9	1182	AUDI	A3 SPORTBACK 1.2 TFSI 110 ATTRACTION	0	0	0	1061866	1030012	0	0	0
9	1219	AUDI	A3 SPORTBACK 1.2 TFSI 110 ATTRACTION STRONIC	0	0	0	1088468	0	0	0	0
19	1031	SEAT	ALTEA XL 1.6 TDI CR 105 I-TECH DSG	0	0	0	0	866889	778459	0	0
153	1178	VOLKSWAGEN	AMAROK 2.0 BITDI 140 HIGHLINE	0	0	0	0	0	891260	0	0
153	1135	VOLKSWAGEN	AMAROK 2.0 TDI (140) HIGHLINE	0	0	0	1053124	979405	891260	0	0
19	1099	SEAT	ARONA 1.0 ECOTSI 115 DSG S&S STYLE	0	1050319	938125	0	0	0	0	0
19	1098	SEAT	ARONA 1.0 ECOTSI 95 S&S STYLE	0	0	930753	0	0	0	0	0
111	1128	OPEL	ASTRA GTC 1.6 170 SPORT AT6	0	0	0	0	0	836260	0	0
111	1129	OPEL	ASTRA GTC 1.6 200 SPORT AT6	0	0	0	0	0	880826	0	0
111	1240	OPEL	ASTRA HB 1.0 105 MTA S&S DESIGN	0	0	0	775534	0	0	0	0
111	1648	OPEL	ASTRA HB 1.0 105 MTA S&S ENJOY	0	0	0	734683	0	0	0	0
111	1196	OPEL	ASTRA HB 1.3 DIZEL 95 EDITION PLUS	0	0	0	0	721197	0	0	0
111	1126	OPEL	ASTRA HB 1.3 DIZEL 95 ENJOY ACTIVE	0	0	0	0	0	626010	0	0
111	1124	OPEL	ASTRA HB 1.4 140 ENJOY ACTIVE	0	0	0	0	708771	629073	0	0
111	1125	OPEL	ASTRA HB 1.4 140 ENJOY ACTIVE ACTIVE SELECT	0	0	0	0	822881	751273	0	0
111	1241	OPEL	ASTRA HB 1.4 150 AT6 S&S ENJOY	0	1002628	905345	833645	0	0	0	0
111	1291	OPEL	ASTRA HB 1.4 150 AT6 S&S OPC LINE SPORT	0	0	1039676	0	0	0	0	0
111	1134	OPEL	ASTRA HB 1.6 DIZEL 110 ENJOY ACTIVE	0	0	0	0	737653	672651	0	0
111	1290	OPEL	ASTRA HB 1.6 DIZEL 110 MT6	0	0	841152	0	0	0	0	0
111	1135	OPEL	ASTRA HB 1.6 DIZEL 110 SPORT	0	0	0	0	0	706288	0	0
111	1137	OPEL	ASTRA HB 1.6 DIZEL 136 COSMO	0	0	0	0	905134	708744	0	0
111	1378	OPEL	ASTRA HB 1.6 DIZEL 136 ENJOY ACTIVE	0	0	0	0	0	722081	0	0
111	1136	OPEL	ASTRA HB 1.6 DIZEL 136 SPORT	0	0	0	0	780359	736992	0	0
111	1335	OPEL	ASTRA HB BLACK EDITION 1.4 150 AT6 S&S	0	1038596	0	0	0	0	0	0
111	1218	OPEL	ASTRA HB BUSINESS 1.6 DIZEL 110 MT6	0	0	0	0	789311	0	0	0
111	1219	OPEL	ASTRA HB BUSINESS 1.6 DIZEL 136 AT6	0	0	0	0	848893	0	0	0
111	1239	OPEL	ASTRA HB DESIGN 1.6 DIZEL 110 MT6	0	0	882789	778719	0	0	0	0
111	1260	OPEL	ASTRA HB DESIGN 1.6 DIZEL 136 AT6	0	1083560	957484	912510	0	0	0	0
111	1197	OPEL	ASTRA HB DIZEL 95 S&S EDITION PLUS	0	0	0	0	706307	0	0	0
111	1220	OPEL	ASTRA HB ENJOY 1.0 105 MT5 S&S	0	0	0	771646	655345	0	0	0
111	1289	OPEL	ASTRA HB ENJOY 1.4 100 MT6	0	0	748037	0	0	0	0	0
111	1222	OPEL	ASTRA HB ENJOY 1.6 DIZEL 110 MT6	0	0	878428	774833	701145	0	0	0
111	1224	OPEL	ASTRA HB ENJOY 1.6 DIZEL 136 AT6	0	1078526	1022927	953562	891473	0	0	0
111	1223	OPEL	ASTRA HB ENJOY 1.6 DIZEL 136 MT6 S&S	0	0	0	805048	731650	0	0	0
111	1244	OPEL	ASTRA NB 1.6 115 EDITION PLUS	0	799830	759683	705538	0	0	0	0
111	1247	OPEL	ASTRA NB 1.6 DIZEL 110 S&S DESIGN	0	901240	823854	752954	0	0	0	0
111	1248	OPEL	ASTRA NB 1.6 DIZEL 136 AT DESIGN	0	975926	897642	850284	0	0	0	0
111	1245	OPEL	ASTRA NB 1.6 DIZEL 136 AT EDITION PLUS	0	0	0	823217	0	0	0	0
111	1253	OPEL	ASTRA NB 1.6 DIZEL 136 AT ELITE	0	1104222	971941	899312	0	0	0	0
111	1251	OPEL	ASTRA NB 1.6 DIZEL 136 AT SPORT	0	1099994	981653	902920	0	0	0	0
111	1252	OPEL	ASTRA NB 1.6 DIZEL 136 S&S ELITE	0	0	965199	930750	0	0	0	0
111	1250	OPEL	ASTRA NB 1.6 DIZEL 136 S&S SPORT	0	0	958535	920479	0	0	0	0
111	1164	OPEL	ASTRA SEDAN 1.4 140 BUSINESS LPG	0	0	0	0	659966	0	0	0
111	1182	OPEL	ASTRA SEDAN 1.6 115 EDITION OV	0	0	0	0	597228	0	0	0
111	1141	OPEL	ASTRA SEDAN 1.6 DIZEL 110 BUSINESS	0	0	0	0	700779	643643	0	0
111	1139	OPEL	ASTRA SEDAN 1.6 DIZEL 110 EDITION	0	0	0	0	663625	659599	0	0
111	1143	OPEL	ASTRA SEDAN 1.6 DIZEL 110 SPORT	0	0	0	0	0	750636	0	0
111	1142	OPEL	ASTRA SEDAN 1.6 DIZEL 136 BUSINESS	0	0	0	0	731650	672740	0	0
111	1145	OPEL	ASTRA SEDAN 1.6 DIZEL 136 COSMO	0	0	0	0	898454	755672	0	0
111	1140	OPEL	ASTRA SEDAN 1.6 DIZEL 136 EDITION	0	0	0	0	708326	651094	0	0
111	1144	OPEL	ASTRA SEDAN 1.6 DIZEL 136 SPORT	0	0	0	0	840423	694999	0	0
111	1261	OPEL	ASTRA SPORTS TOURER 1.4 150 AT6 S&S DYNAMIC	0	1098730	990827	908743	0	0	0	0
111	1138	OPEL	ASTRA SPORTS TOURER 1.6 DIZEL 136	0	0	0	0	730966	690358	0	0
111	1263	OPEL	ASTRA SPORTSTOURER 1.4 150 AT6 S&S EXCELLENCE	0	1120657	1018572	944500	0	0	0	0
94	1029	MITSUBISHI	ASX 1.6 INSTYLE DIZEL	0	0	962614	907252	798626	0	0	0
94	1031	MITSUBISHI	ASX 1.6 INTENSE DIZEL	0	0	995809	940507	830183	0	0	0
94	1028	MITSUBISHI	ASX 1.6 INVITE DIZEL	0	0	0	0	763798	0	0	0
19	1077	SEAT	ATECA 1.0 TSI 115 S&S ECOMOTIVE REFERENCE	0	0	0	1121594	0	0	0	0
94	1021	MITSUBISHI	ATTRAGE 1.2 INTENSE	0	0	0	0	493262	426216	0	0
94	1022	MITSUBISHI	ATTRAGE 1.2 INTENSE CVT	0	0	0	0	520866	453066	0	0
94	1025	MITSUBISHI	ATTRAGE 1.2 INTENSE PLUS	0	0	0	565167	509675	0	0	0
94	1026	MITSUBISHI	ATTRAGE 1.2 INTENSE PLUS CVT	0	0	0	594301	582698	0	0	0
144	1149	TOYOTA	AURIS 1.4 D-4D PREMIUM NAVI	0	0	1026006	994253	920398	0	0	0
144	1105	TOYOTA	AURIS 1.4 D-4D TOUCH	0	0	0	0	876088	816306	0	0
144	1106	TOYOTA	AURIS 1.4 D-4D TOUCH M/M	0	0	0	0	913009	852191	0	0
144	1107	TOYOTA	AURIS 1.4 D-4D TOUCH SKYPACK	0	0	0	0	927778	866570	0	0
144	1108	TOYOTA	AURIS 1.4 D-4D TOUCH SKYPACK M/M	0	0	0	0	986844	902479	0	0
144	1102	TOYOTA	AURIS 1.6 TOUCH	0	0	0	0	837960	780382	0	0
144	1103	TOYOTA	AURIS 1.6 TOUCH MULTIDRIVE S	0	0	0	0	876088	816306	0	0
144	1104	TOYOTA	AURIS 1.6 TOUCH SKYPACK MULTIDRIVE S	0	0	0	0	933969	870984	0	0
144	1096	TOYOTA	AURIS TS 1.4 D-4D ADVANCE	0	1085061	1038541	1001612	927778	859387	0	0
144	1097	TOYOTA	AURIS TS 1.4 D-4D ADVANCE SKYPACK	0	0	1068072	1038541	979475	916846	0	0
144	1098	TOYOTA	AURIS TS 1.4 D-4D PREMIUM	0	0	1068632	1042419	983883	922673	0	0
144	1151	TOYOTA	AURIS TS 1.4 D-4D PREMIUM NAVI	0	0	1053324	1018593	952561	0	0	0
144	1093	TOYOTA	AURIS TS 1.6 ADVANCE MULTIDRIVE S	0	0	1038541	1000181	930011	864178	0	0
144	1150	TOYOTA	AURIS TS 1.6 PREMIUM MULTIDRIVE S NAVI	0	0	0	1058594	1005598	0	0	0
144	1134	TOYOTA	AVENSIS 1.6 D-4D ADVANCE	0	0	1053324	1032267	1017775	0	0	0
144	1137	TOYOTA	AVENSIS 1.6 D-4D PREMIUM PLUS NAVI	0	0	0	1053324	1018593	0	0	0
144	1139	TOYOTA	AVENSIS 2.0 D-4D PREMIUM PLUS NAVI	0	0	0	1091737	1053324	0	0	0
144	1143	TOYOTA	AVENSIS TS 1.6 D-4D PREMIUM	0	0	0	1031141	994253	0	0	0
144	1144	TOYOTA	AVENSIS TS 1.6 D-4D PREMIUM PLUS	0	0	0	1053324	1018580	0	0	0
144	1145	TOYOTA	AVENSIS TS 1.6 D-4D PREMIUM PLUS NAVI	0	0	0	1076930	1038541	0	0	0
144	1146	TOYOTA	AVENSIS TS 2.0 D-4D PREMIUM PLUS	0	0	0	1099828	1060701	0	0	0
144	1147	TOYOTA	AVENSIS TS 2.0 D-4D PREMIUM PLUS NAVI	0	0	0	1112387	1077663	0	0	0
34	1085	CITROEN	C4 1.2 PURETECH 130 CONFORT EAT6	0	0	0	0	704919	0	0	0
34	1086	CITROEN	C4 1.2 PURETECH 130 EXCLUSIVE EAT6	0	0	0	0	752016	0	0	0
34	1061	CITROEN	C4 1.4 VTI 95 EASY	0	0	0	0	564438	529093	0	0
34	1087	CITROEN	C4 1.6 BLUEHDI 120 CONFORT EAT6	0	0	857758	763943	728534	0	0	0
34	1088	CITROEN	C4 1.6 BLUEHDI 120 EXCLUSIVE EAT6	0	0	0	833043	794437	0	0	0
34	1062	CITROEN	C4 1.6 HDI 92 EASY	0	0	636116	601586	565312	529911	0	0
123	2138	RENAULT	CAPTUR ICON 1.2 TCE 120	0	1002678	952543	0	0	0	0	0
800	1038	KIA	CEED COMFORT 1.6 135	0	0	0	0	817518	710600	0	0
800	1039	KIA	CEED COMFORT 1.6 DIZEL 128	0	0	0	0	835846	726738	0	0
800	1041	KIA	CEED COMFORT 1.6 DIZEL 128 OV	0	0	0	0	0	762193	0	0
800	1065	KIA	CEED COMFORT 1.6 DIZEL 136	0	0	971253	859656	847080	0	0	0
800	1064	KIA	CEED COMFORT 1.6 DIZEL 136 DCT	0	0	988982	900945	877291	0	0	0
800	1040	KIA	CEED COMFORT 1.6 DIZEL OV	0	0	0	0	865014	754951	0	0
800	1067	KIA	CEED CONCEPT PLUS 1.6 DIZEL 136	0	0	1007397	918689	883193	0	0	0
800	1066	KIA	CEED CONCEPT PLUS 1.6 DIZEL 136 DCT	0	0	1047546	950403	918452	0	0	0
800	1103	KIA	CEED LIVE 1.4 (100)	0	0	711727	0	0	0	0	0
800	1068	KIA	CEED PREMIUM 1.6 DIZEL 136 DCT	0	0	1072352	1035634	1002506	0	0	0
800	1081	KIA	CERATO COMFORT 1.6 130	0	0	939842	902089	0	0	0	0
800	1082	KIA	CERATO COMFORT 1.6 130 OV	0	0	0	959308	0	0	0	0
800	1083	KIA	CERATO COMFORT 1.6 DIZEL 136 DCT	0	0	0	1001645	0	0	0	0
800	1094	KIA	CERATO CONCEPT 1.6 130 OV	0	0	981831	0	0	0	0	0
800	1096	KIA	CERATO CONCEPT TECHNO 1.6 130 OV	0	0	994961	0	0	0	0	0
800	1097	KIA	CERATO CONCEPT TECHNO 1.6 DIZEL 136 DCT	0	0	1062998	0	0	0	0	0
61	1041	HONDA	CIVIC HATCBACK 1.4 i-VTEC COMFORT	0	0	0	819252	772871	0	0	0
61	1042	HONDA	CIVIC HATCBACK 1.4 i-VTEC ELEGANCE	0	0	0	871119	821811	0	0	0
61	1043	HONDA	CIVIC HATCBACK 1.6 i-DTEC ELEGANCE	0	0	0	1006556	949580	0	0	0
61	1048	HONDA	CIVIC SEDAN 1.6 125 BLACK EDITION OV	0	0	0	1038383	970438	0	0	0
61	1032	HONDA	CIVIC SEDAN 1.6 125 EXECUTIVE	0	0	0	999552	942976	869020	0	0
61	1036	HONDA	CIVIC SEDAN 1.6 125 EXECUTIVE ECO	0	0	0	1029544	971260	869020	0	0
61	1037	HONDA	CIVIC SEDAN 1.6 125 EXECUTIVE ECO OV	0	0	0	1081024	1001845	935861	0	0
61	1038	HONDA	CIVIC SEDAN 1.6 125 EXECUTIVE ECO SMART	0	0	0	0	990693	909135	0	0
61	1039	HONDA	CIVIC SEDAN 1.6 125 EXECUTIVE ECO SMART OV	0	0	0	0	1040233	954577	0	0
61	1033	HONDA	CIVIC SEDAN 1.6 125 EXECUTIVE OV	0	0	0	1049516	1001845	908606	0	0
61	1034	HONDA	CIVIC SEDAN 1.6 125 EXECUTIVE SMART	0	0	0	0	961831	882632	0	0
61	1035	HONDA	CIVIC SEDAN 1.6 125 EXECUTIVE SMART OV	0	0	0	0	1009919	926778	0	0
111	1333	OPEL	CORSA 1.3 ECOTEC 95 EASYTRONIC S&S DIZEL	0	897710	0	0	0	0	0	0
111	1148	OPEL	CORSA 1.4i TWINPORT ENJOY ACTIVE OV	0	0	0	0	0	484477	0	0
111	1198	OPEL	CORSA 3 KAPI 1.6 MT6 OPC 210	0	0	0	0	1018572	0	0	0
111	1163	OPEL	CORSA 3 KAPI SPORT 115 TURBO SIDI S&S	0	0	0	0	573504	0	0	0
111	1233	OPEL	CORSA 5 KAPI 1.2 70 DESIGN	0	0	662871	585115	0	0	0	0
111	1122	OPEL	CORSA 5 KAPI 1.2i TWINPORT ACTIVE	0	0	0	0	0	548505	0	0
111	1123	OPEL	CORSA 5 KAPI 1.2i TWINPORT ACTIVE EASYTRONIC	0	0	0	0	0	519383	0	0
111	1235	OPEL	CORSA 5 KAPI 1.3 CDTI 75 DESIGN	0	0	745787	661344	0	0	0	0
111	1190	OPEL	CORSA 5 KAPI 1.3 CDTI 95 COLOR EDITION EASYRO	0	0	0	802839	758360	0	0	0
111	1237	OPEL	CORSA 5 KAPI 1.3 CDTI 95 EASYTRONIC  DESIGN	0	0	810519	718816	0	0	0	0
111	1189	OPEL	CORSA 5 KAPI 1.3 CDTI 95 ENJOY EASYTRONIC	0	0	800318	758360	726970	0	0	0
111	1188	OPEL	CORSA 5 KAPI 1.3 CDTI 95 ESSENTIA EASYTRONIC	0	0	691608	657596	637148	0	0	0
111	1236	OPEL	CORSA 5 KAPI 1.3 CDTI 95 S&S DESIGN	0	0	0	694580	0	0	0	0
111	1231	OPEL	CORSA 5 KAPI 1.4 90 COSMO OV	0	0	0	0	657161	607820	0	0
111	1132	OPEL	CORSA 5 KAPI 1.4i TWINPORT ACTIVE	0	0	0	0	0	513822	0	0
111	1133	OPEL	CORSA 5 KAPI 1.4i TWINPORT ACTIVE EASYTRONIC	0	0	0	0	0	550725	0	0
111	1162	OPEL	CORSA 5 KAPI COLOR  EDITION 1.3 CDTI 75 S&S	0	0	0	0	655720	638765	0	0
111	1161	OPEL	CORSA 5 KAPI COLOR EDITION 1.0 115 TURBO SIDI	0	0	0	0	604859	536454	0	0
111	1159	OPEL	CORSA 5 KAPI COLOR EDITION 1.4 90	0	0	0	0	673599	0	0	0
111	1160	OPEL	CORSA 5 KAPI COLOR EDITION 1.4 90 OV	0	0	825067	777276	740408	0	0	0
111	1157	OPEL	CORSA 5 KAPI ENJOY 1.0 115 TURBO SIDI S&S	0	0	0	0	637150	0	0	0
111	1158	OPEL	CORSA 5 KAPI ENJOY 1.3 CDTI 75 S&S	0	838411	736564	661344	603155	0	0	0
111	1155	OPEL	CORSA 5 KAPI ENJOY 1.4 90	0	0	0	0	596037	0	0	0
111	1153	OPEL	CORSA 5 KAPI ESSENTIA 1.0 115 TURBO SIDI S&S	0	0	0	0	637150	0	0	0
111	1154	OPEL	CORSA 5 KAPI ESSENTIA 1.3 CDTI 75 S&S	0	0	668709	632616	622642	0	0	0
111	1334	OPEL	CORSA BLACK EDITION 1.4 90 AT6	0	782713	0	0	0	0	0	0
111	1312	OPEL	CROSSLAND X 1.2 81 ENJOY	0	865091	803031	0	0	0	0	0
111	1315	OPEL	CROSSLAND X 1.2 81 EXCELLENCE	0	1017285	913862	0	0	0	0	0
111	1359	OPEL	CROSSLAND X 1.5 102 DIZEL ENJOY	0	937628	0	0	0	0	0	0
111	1360	OPEL	CROSSLAND X 1.5 102 DIZEL EXCELLENCE	0	1089151	0	0	0	0	0	0
111	1314	OPEL	CROSSLAND X 1.6 DIZEL 99 ENJOY	0	983578	948902	0	0	0	0	0
111	1317	OPEL	CROSSLAND X 1.6 DIZEL 99 EXCELLENCE	0	1071979	911236	0	0	0	0	0
111	1338	OPEL	CROSSLAND X ULTIMATE 1.6 99 DIZEL	0	1104222	0	0	0	0	0	0
34	1106	CITROEN	DS3 PERFORMANCE 1.6 THP 208	0	0	0	894254	0	0	0	0
34	1089	CITROEN	DS4 1.6 BLUEHDI 120 EAT6	0	0	939355	851656	794290	0	0	0
34	1097	CITROEN	DS4 CROSSBACK 1.6 BLUEHDI 120 EAT6	0	0	0	908075	0	0	0	0
34	1092	CITROEN	DS5 1.6 THP 165 EAT6	0	0	0	0	1033127	0	0	0
34	1095	CITROEN	DS5 CHICK 1.6 BLUEHDI 120 EAT6	0	0	0	1072200	0	0	0	0
53	2341	FORD	ECOSPORT 1.5 TDCI TITANIUM	0	0	1071155	0	0	0	0	0
177	1083	HYUNDAI	ELANTRA 1.6 CRDI ELITE OV	0	0	0	0	925056	902865	0	0
177	1124	HYUNDAI	ELANTRA 1.6 CRDI MODE	0	0	0	0	877023	0	0	0
177	1081	HYUNDAI	ELANTRA 1.6 CRDI STYLE	0	0	0	0	0	693866	0	0
177	1125	HYUNDAI	ELANTRA 1.6 CRDI STYLE DESIGN PACK	0	0	0	0	955091	0	0	0
177	1126	HYUNDAI	ELANTRA 1.6 CRDI STYLE DESIGN PACK OV	0	0	0	0	1047973	0	0	0
177	1082	HYUNDAI	ELANTRA 1.6 CRDI STYLE OV	0	0	0	0	0	823461	0	0
177	1200	HYUNDAI	ELANTRA 1.6 CRDI STYLE PLUS DCT	0	1130085	1069210	0	0	0	0	0
177	1080	HYUNDAI	ELANTRA 1.6 D-CVVT ELITE OV	0	0	0	0	987326	899467	0	0
177	1079	HYUNDAI	ELANTRA 1.6 D-CVVT STYLE	0	947502	933679	868564	859877	798305	0	0
177	1122	HYUNDAI	ELANTRA 1.6 D-CVVT STYLE DESIGN PACK	0	0	0	0	849133	0	0	0
177	1123	HYUNDAI	ELANTRA 1.6 D-CVVT STYLE DESIGN PACK OV	0	0	0	0	953788	0	0	0
177	1162	HYUNDAI	ELANTRA 1.6 D-CVVT STYLE OV	0	1032899	933410	869328	0	0	0	0
177	1197	HYUNDAI	ELANTRA SPORT 1.6 T-GDI DCT	0	0	1063821	0	0	0	0	0
53	2224	FORD	FOCUS 1.5 TDCI 120 4 KAPI STYLE E6	0	1025643	0	0	0	0	0	0
53	2222	FORD	FOCUS 1.5 TDCI 120 4 KAPI TREND X E6	0	992083	0	0	0	0	0	0
53	2221	FORD	FOCUS 1.5 TDCI 120 5 KAPI TREND X  E6	0	987098	0	0	0	0	0	0
53	2223	FORD	FOCUS 1.5 TDCI 120 SW TREND X E6	0	990670	0	0	0	0	0	0
53	2414	FORD	FOCUS HB 2.0 SE	0	0	1052614	0	0	0	0	0
53	2123	FORD	FOCUS III MCA STYLE 1.5 TDCI 120 4K PWS	0	1076989	1009061	981700	895842	0	0	0
53	2122	FORD	FOCUS III MCA STYLE 1.5 TDCI 120 5K PWS	0	0	993086	962130	876338	0	0	0
53	2124	FORD	FOCUS III MCA STYLE 1.5 TDCI 120 SW PWS	0	0	1005411	970637	925495	0	0	0
53	2088	FORD	FOCUS III MCA STYLE 1.6 125 4K	0	0	857243	842130	825951	766400	0	0
53	2090	FORD	FOCUS III MCA STYLE 1.6 125 4K POWERSHIFT	0	0	964944	950806	865669	809706	0	0
53	2087	FORD	FOCUS III MCA STYLE 1.6 125 5K	0	0	850596	834274	795457	759260	0	0
53	2089	FORD	FOCUS III MCA STYLE 1.6 125 5K POWERSHIFT	0	0	912179	887215	845938	807441	0	0
53	2092	FORD	FOCUS III MCA STYLE 1.6 TDCI 115 4K	0	0	957471	879882	826334	796055	0	0
53	2091	FORD	FOCUS III MCA STYLE 1.6 TDCI 115 5K	0	0	920757	885306	826418	788789	0	0
53	2093	FORD	FOCUS III MCA STYLE 1.6 TDCI 115 SW	0	0	925740	890201	848788	810155	0	0
53	2097	FORD	FOCUS III MCA TITANIUM 1.0 ECOBOOST 125 4K	0	0	895778	867237	826902	789253	0	0
53	2096	FORD	FOCUS III MCA TITANIUM 1.0 ECOBOOST 125 5K	0	0	887215	862238	822130	784705	0	0
53	2095	FORD	FOCUS III MCA TITANIUM 1.6 125 4K	0	997936	945430	931577	917933	789333	0	0
53	2099	FORD	FOCUS III MCA TITANIUM 1.6 125 4K POWERSHIFT	0	1047222	927947	912179	869737	830148	0	0
53	2094	FORD	FOCUS III MCA TITANIUM 1.6 125 5K	0	992922	882397	867362	827011	789365	0	0
53	2098	FORD	FOCUS III MCA TITANIUM 1.6 125 5K POWERSHIFT	0	1042025	920706	910704	868348	828821	0	0
53	2100	FORD	FOCUS III MCA TITANIUM 1.6 125 SW POWERSHIFT	0	0	0	907186	864986	825621	0	0
53	2102	FORD	FOCUS III MCA TITANIUM 1.6 TDCI 115 4K	0	0	1029834	959791	898479	872023	0	0
53	2101	FORD	FOCUS III MCA TITANIUM 1.6 TDCI 115 5 KAPI	0	0	1010637	956262	901686	860658	0	0
53	2103	FORD	FOCUS III MCA TITANIUM 1.6 TDCI 115 SW	0	0	1014593	956634	912124	870609	0	0
53	2236	FORD	FOCUS III MCA TITANIUM X 1.6 TDCI 115 4K	0	0	0	0	938648	895921	0	0
53	2237	FORD	FOCUS III MCA TITANIUM X 1.6 TDCI 115 5K	0	0	0	0	941270	898429	0	0
53	2119	FORD	FOCUS III MCA TREND X  1.5TDCI 120 5K PWS	0	1042008	967114	906039	867237	0	0	0
53	2120	FORD	FOCUS III MCA TREND X 1.5 TDCI 120 4K PWS	0	1109445	1016566	939377	896859	0	0	0
53	2121	FORD	FOCUS III MCA TREND X 1.5 TDCI 120 SW PWS	0	1047023	970660	917169	874515	0	0	0
53	2081	FORD	FOCUS III MCA TREND X 1.6 125 4K	0	950908	929177	839158	826026	736700	0	0
53	2083	FORD	FOCUS III MCA TREND X 1.6 125 4K POWERSHIFT	0	965128	951053	937115	891864	784767	0	0
53	2080	FORD	FOCUS III MCA TREND X 1.6 125 5K	0	882397	873573	846690	834295	733165	0	0
53	2082	FORD	FOCUS III MCA TREND X 1.6 125 5K POWERSHIFT	0	988866	974450	850757	846275	774243	0	0
53	2085	FORD	FOCUS III MCA TREND X 1.6 TDCI 95 4K	0	0	935086	849897	803897	761821	0	0
53	2084	FORD	FOCUS III MCA TREND X 1.6 TDCI 95 5K	0	0	900573	850757	806422	769700	0	0
53	2086	FORD	FOCUS III MCA TREND X 1.6 TDCI 95 SW	0	0	905766	856396	816567	779392	0	0
53	2195	FORD	FOCUS ST LINE 1.0 125 ECOBOOST 5K	0	0	970695	956266	0	0	0	0
53	2194	FORD	FOCUS ST LINE 1.6 125 5K	0	0	962134	949621	0	0	0	0
53	2181	FORD	FOCUS TITANIUM 1.0 ECOBOOST 125 4 KAPI A/T	0	0	935743	912179	0	0	0	0
53	2182	FORD	FOCUS TITANIUM 1.0 ECOBOOST 125 5 KAPI A/T	0	0	929680	909673	0	0	0	0
52	1053	FIAT	FULLBACK HARDROCK 4x4 M/T 2.4 180 E6	0	1128817	0	0	0	0	0	0
52	1051	FIAT	FULLBACK ROCK 4x2 M/T 2.4 150 E6	0	1041019	0	0	0	0	0	0
52	1052	FIAT	FULLBACK ROCK 4x4 M/T 2.4 150 E6	0	1085218	0	0	0	0	0	0
3	1013	ALFA ROMEO	GIULIETTA  1.6 JTD 120 PROGRESSION	0	879450	869247	836775	769836	0	0	0
3	1020	ALFA ROMEO	GIULIETTA 1.6 JTD 120 SUPER	0	0	1008944	971274	0	0	0	0
3	1014	ALFA ROMEO	GIULIETTA 1.6 JTDM 120 PROGRESSION TCT	0	1112669	1016310	978357	0	0	0	0
153	1539	VOLKSWAGEN	GOLF 1.2 TSI 85	0	0	0	965567	0	0	0	0
153	1562	VOLKSWAGEN	GOLF VII 1.2 TSI 85 VARIANT	0	0	0	0	827845	0	0	0
61	1056	HONDA	HR-V 1.5 130 ELEGANCE	0	0	0	1092068	0	0	0	0
61	1057	HONDA	HR-V 1.5 130 ELEGANCE OV	0	0	0	1174275	0	0	0	0
61	1055	HONDA	HR-V 1.5 130 PREMIUM	0	0	0	1059316	0	0	0	0
19	1056	SEAT	IBIZA 1.0 75 REFERENCE	0	0	606924	598020	512219	0	0	0
19	1094	SEAT	IBIZA 1.0 75 S&S REFERENCE	0	0	655680	0	0	0	0	0
19	1097	SEAT	IBIZA 1.0 75 S&S STYLE	0	753573	731051	0	0	0	0	0
19	1068	SEAT	IBIZA 1.0 ECO TSI 110 DSG STYLE	0	0	894707	782603	718995	0	0	0
19	1102	SEAT	IBIZA 1.0 ECOTSI 115 DSG S&S XCELLENCE	0	924372	0	0	0	0	0	0
19	1095	SEAT	IBIZA 1.0 ECOTSI 95 S&S STYLE	0	792827	759487	0	0	0	0	0
19	1057	SEAT	IBIZA 1.2 TSI 90 REFERENCE	0	0	684529	674907	636082	0	0	0
19	1058	SEAT	IBIZA 1.2 TSI 90 STYLE	0	0	697990	687762	601523	0	0	0
19	1035	SEAT	IBIZA 1.4 (85) REFERENCE	0	0	0	0	582214	549398	0	0
19	1073	SEAT	IBIZA 1.4 TDI 90 DSG STYLE	0	0	0	767407	0	0	0	0
19	1059	SEAT	IBIZA 1.4 TDI CR 90 REFERENCE	0	0	0	683887	622630	0	0	0
19	1060	SEAT	IBIZA 1.4 TDI CR 90 STYLE	0	0	0	726703	661247	0	0	0
19	1039	SEAT	IBIZA 1.6 TDI CR 90 REFERENCE DSG	0	0	0	0	718995	0	0	0
19	1036	SEAT	IBIZA 1.6 TDI CR 90 STYLE DSG	0	0	0	787194	709259	664875	0	0
19	1106	SEAT	IBIZA 1.6 TDI SCR 95 DSG S&S STYLE	0	1017912	0	0	0	0	0	0
19	1101	SEAT	IBIZA 1.6 TDI SCR 95 S&S STYLE	0	0	877409	0	0	0	0	0
19	1067	SEAT	IBIZA SC 1.0 ECOTSI 110 FR DSG	0	0	0	832837	767315	0	0	0
19	1034	SEAT	IBIZA SC 1.4 TSI 180 CUPRA DSG	0	0	0	0	709259	666205	0	0
19	1070	SEAT	IBIZA SC 1.8 TSI 192 CUPRA	0	0	0	1095851	998094	0	0	0
19	1069	SEAT	IBIZA ST 1.0 ECOTSI 110 STYLE DSG	0	0	0	867236	791726	0	0	0
19	1061	SEAT	IBIZA ST 1.2 TSI 90 REFERENCE	0	0	0	0	572106	0	0	0
19	1062	SEAT	IBIZA ST 1.2 TSI 90 STYLE	0	0	0	650829	602132	0	0	0
19	1071	SEAT	IBIZA ST 1.4 TDI 90 STYLE DSG	0	0	0	819866	0	0	0	0
19	1063	SEAT	IBIZA ST 1.4 TDI CR 90 REFERENCE	0	0	0	716899	649314	0	0	0
19	1064	SEAT	IBIZA ST 1.4 TDI CR 90 STYLE	0	0	0	759723	687073	0	0	0
111	1150	OPEL	INSIGNIA COUNTRY TOURER 1.6 170 COSMO AT6	0	0	0	0	971863	880451	0	0
111	1186	OPEL	INSIGNIA NB 1.4 140 EP MT6 LPG EDITION ELEGAN	0	0	0	0	871088	770101	0	0
111	1209	OPEL	INSIGNIA NB 1.6 170 SPORT AT6 SPORT	0	0	0	0	1047645	0	0	0
111	1204	OPEL	INSIGNIA NB 1.6D 136 AT6 BUSINESS	0	0	0	0	962018	0	0	0
111	1200	OPEL	INSIGNIA NB 1.6D 136 AT6 EDITION	0	0	0	0	927154	0	0	0
111	1202	OPEL	INSIGNIA NB 1.6D 136 AT6 EDITION PLUS	0	0	0	1060615	987225	0	0	0
111	1203	OPEL	INSIGNIA NB 1.6D 136 MT6 BUSINESS	0	0	0	0	837353	0	0	0
111	1199	OPEL	INSIGNIA NB 1.6D 136 MT6 EDITION	0	0	0	0	825067	0	0	0
111	1201	OPEL	INSIGNIA NB 1.6D MT6 EDITION ELEGANCE	0	0	938501	881756	838411	0	0	0
177	1101	HYUNDAI	i30 1.4 MPI BLUE DRIVE	0	0	0	882137	807561	724185	0	0
177	1112	HYUNDAI	i30 1.6 CRDI BLUE DRIVE DCT	0	0	0	1048334	968519	0	0	0
177	1114	HYUNDAI	i30 1.6 CRDI DESIGN PACK DCT	0	0	0	1179180	1075013	0	0	0
177	1113	HYUNDAI	i30 1.6 CRDI STYLE DCT	0	0	0	1130641	957778	0	0	0
177	1103	HYUNDAI	i30 1.6 CRDi BLUE DRIVE	0	0	0	1047943	967125	860022	0	0
177	1102	HYUNDAI	i30 1.6 GDI BLUE DRIVE	0	0	0	0	0	801328	0	0
177	1109	HYUNDAI	i30 1.6 GDI DESIGN PACK DCT	0	0	0	1048222	994243	0	0	0
177	1110	HYUNDAI	i30 1.6 GDI ELITE DCT	0	0	0	1128716	1042340	0	0	0
177	1108	HYUNDAI	i30 1.6 GDI STYLE DCT	0	0	0	984622	930933	0	0	0
177	1116	HYUNDAI	i30 CW 1.6 CRDI STYLE DCT	0	0	0	1179875	1055881	0	0	0
177	1187	HYUNDAI	i30 STYLE 1.4 MPI	0	964106	853609	0	0	0	0	0
153	1243	VOLKSWAGEN	JETTA 1.2 TSI BMT 105 TRENDLINE	0	0	1057791	1036636	964071	0	0	0
153	1532	VOLKSWAGEN	JETTA 2.0 FSI (150) TRENDLINE TIPTRONIC	0	0	0	0	0	943776	0	0
123	2087	RENAULT	KADJAR TOUCH 1.2 130	0	1122151	1066044	1012743	931723	0	0	0
177	1204	HYUNDAI	KONA 1.0 STYLE	0	983481	0	0	0	0	0	0
53	2151	FORD	KUGA ICA TREND X 1.5 ECOBOOST 150 2WD	0	0	1021290	981999	907594	0	0	0
53	2108	FORD	KUGA SELECTIVE 1.5 ECOBOOST 182 AWD A/T	0	0	0	0	1084787	1002436	0	0
53	2106	FORD	KUGA TITANIUM 1.5 ECOBOOST 182 AWD A/T	0	0	0	0	1067622	986572	0	0
53	2104	FORD	KUGA TREND X 1.5 ECOBOOST 150 2WD	0	0	0	0	907594	838698	0	0
53	2105	FORD	KUGA TREND X 1.5 ECOBOOST 182 AWD A/T	0	0	0	0	994185	918724	0	0
19	1042	SEAT	LEON 1.2 TSI 110 STYLE	0	943820	895603	857311	817946	0	0	0
19	1043	SEAT	LEON 1.2 TSI 110 STYLE DSG	0	1133995	956177	908984	861666	0	0	0
19	1065	SEAT	LEON 1.4 EcoTSI ACT 150 FR	0	0	0	1022889	982068	0	0	0
19	1041	SEAT	LEON 1.4 TSI ACT 150 FR DSG	0	0	0	0	1067839	0	0	0
19	1045	SEAT	LEON 1.6 TDI 110 STYLE	0	0	0	977507	883861	0	0	0
19	1046	SEAT	LEON 1.6 TDI 110 STYLE DSG	0	0	0	1045760	949981	0	0	0
19	1055	SEAT	LEON SC 1.6 TDI 110 STYLE DSG	0	0	0	0	948055	0	0	0
19	1104	SEAT	LEON ST 1.0 ECOTSI 115 DSG S&S ECOMOTIVESTYLE	0	1084217	0	0	0	0	0	0
19	1085	SEAT	LEON ST 1.4 ECOTSI ACT 150 FR DSG	0	0	0	1035526	0	0	0	0
19	1049	SEAT	LEON ST 1.4 TSI ACT 150 FR DSG	0	0	0	1086631	1064739	0	0	0
19	1037	SEAT	LEON ST 1.6 TDI 105 STYLE DSG	0	0	0	0	921375	855690	0	0
19	1040	SEAT	LEON ST 1.6 TDI 110 4WD X-PERIENCE	0	0	0	1072906	956218	0	0	0
19	1048	SEAT	LEON ST 1.6 TDI 110 STYLE DSG	0	0	0	1045254	904037	0	0	0
107	1137	NISSAN	MC QASHQAI 1.2 DIG-T VISIA	0	1094147	1013088	0	0	0	0	0
122	1138	RENAULT (OYAK)	MEGANE HB GT LINE 1.6 16V 115 CVT	0	0	0	968203	890746	846209	0	0
123	2111	RENAULT	MEGANE HB ICON 1.2 TCE 130	0	0	980224	931214	856716	0	0	0
123	2106	RENAULT	MEGANE HB JOY 1.5 DCI 90	0	967881	919486	873512	0	0	0	0
123	2107	RENAULT	MEGANE HB JOY 1.5 DCI EDC 110	0	1065484	1012208	961599	0	0	0	0
123	2105	RENAULT	MEGANE HB JOY 1.6 16V 115	0	947984	900585	855557	0	0	0	0
123	2108	RENAULT	MEGANE HB TOUCH 1.2 TCE 130	0	964843	916602	870772	0	0	0	0
123	2121	RENAULT	MEGANE HB TOUCH 1.2 TCE EDC 130	0	1078355	1024437	973214	0	0	0	0
123	2109	RENAULT	MEGANE HB TOUCH 1.5 DCI 110	0	1001960	951863	904269	831928	0	0	0
123	2110	RENAULT	MEGANE HB TOUCH 1.5 DCI EDC 110	0	1113290	1057626	1004743	0	0	0	0
122	1146	RENAULT (OYAK)	MEGANE HB TOUCH PLUS 1.5 DCI 110 EDC	0	0	0	970313	892688	848053	0	0
122	1145	RENAULT (OYAK)	MEGANE HB TOUCH PLUS 1.5 DCI 90	0	0	0	892688	821273	780209	0	0
122	1143	RENAULT (OYAK)	MEGANE HB TOUCH PLUS 1.6 16V 110	0	0	0	827813	761589	723509	0	0
122	1144	RENAULT (OYAK)	MEGANE HB TOUCH PLUS 1.6 16V 115 CVT	0	0	0	919793	846209	803899	0	0
123	2139	RENAULT	MEGANE HB TOUCHROME 1.2 TCE 130	0	0	925768	0	0	0	0	0
123	2140	RENAULT	MEGANE HB TOUCHROME 1.2 TCE EDC 130	0	0	1018345	0	0	0	0	0
123	2141	RENAULT	MEGANE HB TOUCHROME 1.5 DCI 110	0	0	961382	0	0	0	0	0
123	2142	RENAULT	MEGANE HB TOUCHROME 1.5 DCI EDC 110	0	0	1057521	0	0	0	0	0
122	1196	RENAULT (OYAK)	MEGANE SEDAN JOY 1.2 TCE 130	0	0	921147	0	0	0	0	0
122	1199	RENAULT (OYAK)	MEGANE SEDAN PANORAMA EDITION 1.6 16V 115	0	1096658	0	0	0	0	0	0
122	1193	RENAULT (OYAK)	MEGANE SEDAN TOUCH 1.2 TCE 130	0	0	969629	0	0	0	0	0
123	2075	RENAULT	MEGANE SPORT TOURER TOUCH 1.5 DCI 110	0	0	0	0	976837	927995	0	0
111	1146	OPEL	MERIVA 1.4 120 COSMO AT	0	0	0	0	834829	727313	0	0
111	1130	OPEL	MERIVA 1.6 DTH 136 ECOFLEX ACTIVE	0	0	0	959640	858948	738973	0	0
111	1131	OPEL	MERIVA 1.6 DTH 136 ECOFLEX COSMO	0	0	0	0	928811	797467	0	0
421	1016	MINI	MINI COOPER D HATCH 1.5 3 KAPI	0	0	0	937830	880018	802026	0	0
421	1019	MINI	MINI COOPER D HATCH 1.5 5 KAPI	0	0	0	1031539	962650	877603	0	0
421	1015	MINI	MINI COOPER HATCH 1.5 3 KAPI	0	0	0	869947	830157	752589	0	0
421	1018	MINI	MINI COOPER HATCH 1.5 5 KAPI	0	0	0	1034524	934370	830350	0	0
3	1008	ALFA ROMEO	MITO 1.3 JTD (85) CITY	0	0	0	0	524133	459539	0	0
3	1012	ALFA ROMEO	MITO 1.4 170 3 KAPI QV TCT S2	0	0	0	0	808632	0	0	0
111	1183	OPEL	MOKKA 1.4 140 AT FWD BUSINESS	0	0	0	0	791699	0	0	0
111	1254	OPEL	MOKKA 1.4 140 AT FWD DESIGN	0	0	0	905148	0	0	0	0
111	1184	OPEL	MOKKA 1.6 DIZEL 136 AT FWD BUSINESS	0	0	0	0	837321	0	0	0
111	1187	OPEL	MOKKA 1.6 DIZEL 136 AT FWD COSMO	0	0	0	1166711	942896	0	0	0
111	1255	OPEL	MOKKA 1.6 DIZEL 136 AT FWD DESIGN	0	0	0	931827	0	0	0	0
111	1167	OPEL	MOKKA 1.6 DIZEL 136 AT FWD ENJOY	0	0	0	938501	895453	0	0	0
111	1169	OPEL	MOKKA 1.6 DIZEL 136 AWD COSMO	0	0	0	1138686	1018572	0	0	0
111	1168	OPEL	MOKKA 1.6 DIZEL 136 FWD COSMO	0	0	0	1060615	951841	0	0	0
111	1256	OPEL	MOKKA 1.6 DIZEL 136 FWD DESIGN	0	0	0	1005349	0	0	0	0
111	1166	OPEL	MOKKA 1.6 DIZEL 136 FWD ENJOY	0	0	0	920479	825071	0	0	0
111	1185	OPEL	MOKKA 1.6 DIZEL 36 MT FWD BUSINESS	0	0	0	0	811041	0	0	0
111	1266	OPEL	MOKKA X 1.4 140 AT FWD DESIGN	0	0	959194	860911	0	0	0	0
111	1274	OPEL	MOKKA X 1.4 140 AT FWD EXCELLENCE	0	1104188	1018572	927154	0	0	0	0
111	1271	OPEL	MOKKA X 1.4 140 FWD S&S ENJOY	0	0	949850	844043	0	0	0	0
111	1282	OPEL	MOKKA X 1.4 140 MT FWD COLOR EDITION S&S	0	0	1071979	0	0	0	0	0
111	1339	OPEL	MOKKA X 1.4 ECOTEC 140 S&S ENJOY	0	1110120	0	0	0	0	0	0
111	1269	OPEL	MOKKA X 1.6 115 FWD S&S ENJOY	0	0	844586	761227	0	0	0	0
111	1342	OPEL	MOKKA X 1.6 136 DIZEL AT6 BLACK EDITION	0	1030536	0	0	0	0	0	0
111	1267	OPEL	MOKKA X 1.6 DIZEL 136 AT FWD DESIGN	0	0	1053926	931827	0	0	0	0
111	1268	OPEL	MOKKA X 1.6 DIZEL 136 FWD DESIGN	0	0	981071	897096	0	0	0	0
111	1272	OPEL	MOKKA X 1.6 DIZEL 136 FWD ENJOY	0	1030536	988147	903310	0	0	0	0
53	2111	FORD	MONDEO STYLE 1.6 TDCI 115 SEDAN	0	0	1074087	1000858	891671	0	0	0
53	2143	FORD	MONDEO TITANIUM 2.0 TDCI 180 SEDAN OV	0	0	0	0	1091080	0	0	0
89	1040	MAZDA	MX-5 1.5 SKY-G MOTION	0	1119781	1036454	1026118	0	0	0	0
89	1039	MAZDA	MX-5 2.0 SKY-G POWER SENSE	0	0	0	1103204	0	0	0	0
133	1169	SKODA	OCTAVIA 1.0 TSI 115 OPTIMAL	0	0	992877	895118	0	0	0	0
133	1170	SKODA	OCTAVIA 1.0 TSI 115 OPTIMAL DSG	0	0	1037735	942565	0	0	0	0
133	1125	SKODA	OCTAVIA 1.2 TSI 110 GREEN TEC AMBITION	0	0	0	822504	760375	0	0	0
133	1126	SKODA	OCTAVIA 1.2 TSI 110 GREEN TEC OPTIMAL	0	0	0	868164	803131	0	0	0
133	1128	SKODA	OCTAVIA 1.2 TSI 110 GREEN TEC STYLE DSG	0	0	0	1099942	914995	0	0	0
133	1127	SKODA	OCTAVIA 1.2 TSI 110 GRREN TEC OPTIMAL DSG	0	0	0	907319	842082	0	0	0
133	1203	SKODA	OCTAVIA 1.2 TSI 86 GREEN TEC AMBITION	0	900695	835948	0	0	0	0	0
133	1133	SKODA	OCTAVIA 1.6 TDI CR 110 GREEN TEC 4x4 STYLE	0	0	0	1077009	1013638	0	0	0
133	1130	SKODA	OCTAVIA 1.6 TDI CR 110 GREEN TEC AMBITION	0	0	900835	848403	810349	0	0	0
133	1134	SKODA	OCTAVIA 1.6 TDI CR 110 GREEN TEC AMBITION DSG	0	0	1011630	883117	861760	0	0	0
133	1131	SKODA	OCTAVIA 1.6 TDI CR 110 GREEN TEC OPTIMAL	0	0	968981	954783	829974	0	0	0
133	1135	SKODA	OCTAVIA 1.6 TDI CR 110 GREEN TEC OPTIMAL DSG	0	0	1042825	950075	885250	0	0	0
133	1132	SKODA	OCTAVIA 1.6 TDI CR 110 GREEN TEC STYLE	0	0	1050882	998696	958458	0	0	0
133	1174	SKODA	OCTAVIA 1.6 TDI CR 115 OPTIMAL	0	0	952903	0	0	0	0	0
133	1141	SKODA	OCTAVIA COMBI 1.6 TDI CR 110 GR.TEC 4x4 STYLE	0	0	0	1084256	1019071	0	0	0
133	1139	SKODA	OCTAVIA COMBI 1.6 TDI CR 110 GREEN TEC STYLE	0	0	1057314	1005245	965246	0	0	0
133	1179	SKODA	OCTAVIA COMBI 1.6 TDI CR 115 STYLE	0	0	1059489	0	0	0	0	0
133	1095	SKODA	OCTAVIA COMBI ELEGANCE 1.6 TDI 105 4x4	0	0	0	0	1031541	953159	0	0
133	1096	SKODA	OCTAVIA COMBI OPTIMAL 1.6 TDI CR 105 DSG	0	0	0	0	881236	797633	0	0
133	1083	SKODA	OCTAVIA ELEGANCE 1.2 TSI 105 DSG GREEN TEC	0	0	0	0	887776	814465	0	0
133	1082	SKODA	OCTAVIA OPTIMAL 1.2 TSI 105 DSG GREEN TEC	0	0	0	0	849694	764948	0	0
133	1081	SKODA	OCTAVIA OPTIMAL 1.2 TSI 105 GREEN TEC	0	0	0	0	796410	729584	0	0
133	1105	SKODA	OCTAVIA OPTIMAL 1.4 TSI 140 GREEN TEC	0	0	0	0	822504	0	0	0
133	1085	SKODA	OCTAVIA OPTIMAL 1.6 TDI CR 105 DSG GREEN TEC	0	0	0	0	897369	810582	0	0
133	1084	SKODA	OCTAVIA OPTIMAL 1.6 TDI CR 105 GREEN TEC	0	0	0	0	829044	760905	0	0
107	1123	NISSAN	PULSAR 1.2 MT VISIA	0	736798	688585	643551	604942	0	0	0
107	1126	NISSAN	PULSAR 1.2 X-TRONIC N-TEC	0	895669	837069	782322	735365	0	0	0
107	1125	NISSAN	PULSAR 1.2 X-TRONIC TEKNA	0	859324	803124	770530	701482	0	0	0
107	1124	NISSAN	PULSAR 1.2 X-TRONIC VISIA	0	783835	732566	684641	643551	0	0	0
107	1127	NISSAN	PULSAR 1.5 DCI 110  VISIA	0	851460	795755	743692	695033	0	0	0
107	1129	NISSAN	PULSAR 1.5 DCI 110 N-TEC	0	965547	902374	843345	788173	0	0	0
107	1128	NISSAN	PULSAR 1.5 DCI 110 TEKNA	0	919573	859405	803180	750635	0	0	0
107	1047	NISSAN	QASHQAI 1.2 TEKNA TC S/S	0	0	1057354	961222	890037	794278	0	0
107	1111	NISSAN	QASHQAI 1.2 TURBO BLACK EDITION PREMIUM PACK	0	0	0	0	1048556	0	0	0
107	1104	NISSAN	QASHQAI 1.2 TURBO VISIA X-TRONIC	0	0	1067045	970044	898195	801553	0	0
107	1046	NISSAN	QASHQAI 1.2 VISIA TC S/S	0	0	970044	881871	816558	728692	0	0
107	1048	NISSAN	QASHQAI 1.5 DCI VISIA S/S	0	0	1076097	978255	881310	765428	0	0
133	1215	SKODA	RAPID 1.0 TSI 110 DSG STYLE	0	904514	0	0	0	0	0	0
133	1198	SKODA	RAPID 1.0 TSI 110 GREEN TEC STYLE	0	0	766410	0	0	0	0	0
133	1196	SKODA	RAPID 1.0 TSI 95 GREEN TEC AMBITION	0	0	728072	0	0	0	0	0
133	1197	SKODA	RAPID 1.0 TSI 95 GREEN TEC DSG STYLE	0	895665	826868	0	0	0	0	0
133	1119	SKODA	RAPID 1.2 TSI 110 GREEN TEC STYLE	0	0	813563	748312	665560	0	0	0
133	1117	SKODA	RAPID 1.2 TSI 90 GREEN TEC AMBITION	0	0	773171	705884	625219	0	0	0
133	1118	SKODA	RAPID 1.2 TSI 90 GREEN TEC STYLE DSG	0	0	847271	782031	699229	0	0	0
133	1121	SKODA	RAPID 1.4 TDI CR 90 GREEN TEC AMBITION	0	0	801158	732910	652113	0	0	0
133	1122	SKODA	RAPID 1.4 TDI CR 90 GREEN TEC AMBITION DSG	0	0	833751	730955	685834	0	0	0
133	1123	SKODA	RAPID 1.4 TDI CR 90 GREEN TEC STYLE DSG	0	981639	914553	872570	860314	0	0	0
133	1120	SKODA	RAPID 1.4 TSI 125 GREEN TEC DSG STYLE	0	0	860497	793283	732910	0	0	0
133	1124	SKODA	RAPID 1.6 TDI CR 115 GREEN TEC STYLE	0	0	867359	800144	725594	0	0	0
133	1080	SKODA	RAPID ELEGANCE 1.2 TSI 105	0	0	0	0	600617	533441	0	0
133	1194	SKODA	RAPID SPACEBACK 1.0 110 GREEN TEC DSG STYLE	0	926610	853925	0	0	0	0	0
133	1195	SKODA	RAPID SPACEBACK 1.0 TSI 110 GREEN TEC STYLE	0	0	766389	0	0	0	0	0
133	1216	SKODA	RAPID SPACEBACK 1.0 TSI 95 DSG STYLE	0	914267	0	0	0	0	0	0
133	1193	SKODA	RAPID SPACEBACK 1.0 TSI 95 G.TEC DSG AMBITION	0	0	833196	0	0	0	0	0
133	1199	SKODA	RAPID SPACEBACK 1.0 TSI 95 G.TEC DSG DYNAMIC	0	874837	814770	0	0	0	0	0
133	1200	SKODA	RAPID SPACEBACK 1.0 TSI 95 G.TEC DSG STYLE	0	0	847089	0	0	0	0	0
133	1192	SKODA	RAPID SPACEBACK 1.0 TSI 95 GREEN TEC AMBITION	0	0	811605	0	0	0	0	0
133	1112	SKODA	RAPID SPACEBACK 1.2 TSI 110 GREEN TEC STYLE	0	0	822667	754957	674294	0	0	0
133	1110	SKODA	RAPID SPACEBACK 1.2 TSI 90 G.TEC AMBITION DSG	0	0	822350	752939	672278	0	0	0
133	1111	SKODA	RAPID SPACEBACK 1.2 TSI 90 GREENTEC STYLE DSG	0	0	853825	781174	707241	0	0	0
133	1164	SKODA	RAPID SPACEBACK 1.2 TSI 90 MONTE CARLO DSG	0	0	876266	807580	0	0	0	0
133	1109	SKODA	RAPID SPACEBACK 1.2 TSI GREEN TEC AMBITION	0	0	779828	712613	631934	0	0	0
133	1114	SKODA	RAPID SPACEBACK 1.4 TDI CR 90 G.TEC AMBITION	0	0	806705	739616	660674	0	0	0
133	1115	SKODA	RAPID SPACEBACK 1.4 TDI CR 90 G.TEC STYLE DSG	0	976844	907958	840321	765390	0	0	0
133	1165	SKODA	RAPID SPACEBACK 1.4 TDI CR 90 MONTE CARLO DSG	0	0	946066	875274	0	0	0	0
133	1113	SKODA	RAPID SPACEBACK 1.4TSI 125 GREENTEC STYLE DSG	0	0	860558	795274	740852	0	0	0
133	1116	SKODA	RAPID SPACEBACK 1.6 TDI CR 115 G.TEC STYLE	0	0	876087	806705	726050	0	0	0
133	1089	SKODA	RAPID SPACEBACK AMBITION 1.2 75	0	0	0	0	600484	533325	0	0
133	1093	SKODA	RAPID SPACEBACK AMBITION 1.6 TDI CR 105	0	0	0	0	654836	584684	0	0
133	1090	SKODA	RAPID SPACEBACK ELEGANCE 1.2 TSI 105	0	0	0	0	646307	577763	0	0
133	1091	SKODA	RAPID SPACEBACK ELEGANCE 1.4 TSI 122 DSG	0	0	0	0	674951	609513	0	0
133	1094	SKODA	RAPID SPACEBACK ELEGANCE 1.6 TDI CR 105	0	0	0	0	673112	609513	0	0
133	1092	SKODA	RAPID SPACEBACK ELEGANCE 1.6 TDI CR 90 DSG	0	0	0	0	824753	712489	0	0
154	1117	VOLVO	S60 1.5 T3 R-DESIGN GEARTRONIC	0	0	0	1162281	1020065	0	0	0
154	1087	VOLVO	S60 1.6 D2 ADVANCE POWERSHIFT	0	0	0	1149767	988250	840426	0	0
154	1085	VOLVO	S60 1.6 D2 POWERSHIFT	0	0	0	0	958903	795895	0	0
154	1086	VOLVO	S60 1.6 D2 PREMIUM POWERSHIFT	0	0	0	1124310	877499	817016	0	0
154	1064	VOLVO	S60 2.0 D4 ADVANCE OV	0	0	0	0	1017299	849320	0	0
154	1062	VOLVO	S60 2.0 D4 OV	0	0	0	0	973149	809555	0	0
154	1063	VOLVO	S60 2.0 D4 PREMIUM OV	0	0	0	0	991615	826826	0	0
154	1065	VOLVO	S60 2.0 D4 R-DESIGN OV	0	0	0	0	1062187	895741	0	0
154	1118	VOLVO	S60 2.0 T5 ADVANCE GEARTRONIC	0	0	0	0	996215	0	0	0
154	1083	VOLVO	S60 2.0 T5 ADVANCE OV	0	0	0	0	1010605	844308	0	0
154	1119	VOLVO	S60 2.0 T5 R-DESIGN GEARTRONIC	0	0	0	0	1044102	0	0	0
154	1084	VOLVO	S60 2.0 T5 R-DESIGN OV	0	0	0	0	1057832	890228	0	0
800	1047	KIA	SPORTAGE 1.6 135 COMFORT OV	0	0	0	0	985178	940899	0	0
800	1042	KIA	SPORTAGE 1.6 GDI 135 CONCEPT	0	0	0	0	0	933829	0	0
800	1043	KIA	SPORTAGE 1.6 GDI 135 CONCEPT PLUS	0	0	0	0	983783	892902	0	0
800	1244	KIA	SPORTAGE 1.7 CRDI (115)	0	0	0	0	0	1028139	0	0
800	1074	KIA	SPORTAGE COMFORT 1.6 (132)	0	0	1066466	1007382	0	0	0	0
19	1051	SEAT	TOLEDO 1.2 TSI 110 STYLE	0	0	836856	747778	675157	0	0	0
19	1050	SEAT	TOLEDO 1.2 TSI 90 STYLE	0	0	0	0	671771	0	0	0
19	1053	SEAT	TOLEDO 1.4 TDI 90 STYLE	0	0	856562	771679	707977	0	0	0
19	1054	SEAT	TOLEDO 1.4 TDI 90 STYLE DSG	0	0	824043	794113	733331	0	0	0
19	1052	SEAT	TOLEDO 1.4 TSI 125 STYLE DSG	0	0	916223	817961	723857	0	0	0
154	1102	VOLVO	V40 1.5 T3 ADVANCE GEARTRONIC	0	0	0	1025305	930581	0	0	0
154	1101	VOLVO	V40 1.5 T3 PREMIUM GEARTRONIC	0	0	0	996738	901927	0	0	0
154	1103	VOLVO	V40 1.5 T3 R-DESIGN GEARTRONIC	0	0	0	1053554	958787	0	0	0
154	1081	VOLVO	V40 1.6 D2 VOLVO OCEAN RACE POWERSHIFT	0	0	0	0	1006160	886654	0	0
154	1079	VOLVO	V40 1.6 T4 VOLVO OCEAN RACE POWERSHIFT	0	0	0	0	1001624	880579	0	0
154	1107	VOLVO	V40 2.0 D4 ADVANCE GEARTRONIC	0	0	0	1044101	949311	0	0	0
154	1105	VOLVO	V40 2.0 D4 GEARTRONIC	0	0	0	0	901914	0	0	0
154	1143	VOLVO	V40 2.0 D4 INSCRIPTION GEARTRONIC	0	0	0	1067785	0	0	0	0
154	1142	VOLVO	V40 2.0 D4 MOMENTUM GEARTRONIC	0	0	0	1044101	0	0	0	0
154	1106	VOLVO	V40 2.0 D4 PREMIUM GEARTRONIC	0	0	0	1020436	925611	0	0	0
154	1108	VOLVO	V40 2.0 D4 R-DESIGN  GEARTRONIC	0	0	0	1091500	996724	0	0	0
154	1144	VOLVO	V40 2.0 D4 R-DESIGN PLUS GEARTRONIC	0	0	0	1114344	0	0	0	0
154	1104	VOLVO	V40 2.0 T5 R-DESIGN GEARTRONIC	0	0	0	1067785	973006	0	0	0
154	1080	VOLVO	V40 2.0 T5 R-DESIGN OV	0	0	0	0	986741	868238	0	0
154	1141	VOLVO	V40 2.0 T5 R-DESIGN PLUS GEARTRONIC	0	0	0	1139108	0	0	0	0
154	1082	VOLVO	V40 CROSS COUNRY 1.6 D2 VOLVO OCEAN RACE POW	0	0	0	0	1026177	905171	0	0
154	1109	VOLVO	V40 CROSS COUNTRY 1.5 T3 PREMIUM GEARTRONIC	0	0	0	0	949311	0	0	0
154	1111	VOLVO	V40 CROSS COUNTRY 1.5 T3 VOLVOOCEANRACE GEART	0	0	0	0	1025319	0	0	0
154	1114	VOLVO	V40 CROSS COUNTRY 2.0 D4 ADVANCE GEARTRONIC	0	0	0	1096274	1001666	0	0	0
154	1112	VOLVO	V40 CROSS COUNTRY 2.0 D4 GEARTRONIC	0	0	0	0	954083	0	0	0
154	1113	VOLVO	V40 CROSS COUNTRY 2.0 D4 PREMIUM	0	0	0	0	936663	0	0	0
154	1123	VOLVO	V60 1.5 T3 R-DESIGN GEARTRONIC	0	0	0	1129029	1010438	0	0	0
154	1091	VOLVO	V60 1.6 D2 ADVANCE POWERSHIFT	0	0	0	0	977980	858918	0	0
154	1090	VOLVO	V60 1.6 D2 PREMIUM POWERSHIFT	0	0	0	0	953705	835997	0	0
154	1089	VOLVO	V60 1.6 D2 PWERSHIFT	0	0	0	0	982514	818927	0	0
154	1092	VOLVO	V60 1.6 D2 R-DESIGN	0	0	0	0	1025248	905023	0	0
154	1069	VOLVO	V60 2.0 D4 ADVANCE OV	0	0	0	0	972519	854394	0	0
154	1068	VOLVO	V60 2.0 D4 PREMIUM OV	0	0	0	0	949481	831452	0	0
154	1124	VOLVO	V60 2.0 D4 R-DESIGN GEARTRONIC	0	0	0	1148354	1029560	0	0	0
154	1067	VOLVO	V60 2.0 T R-DESIGN OV	0	0	0	0	981663	863675	0	0
154	1066	VOLVO	V60 2.0 T5 ADVANCE OV	0	0	0	0	917618	800022	0	0
800	179	KIA	PRO CEED 1.6 GSL (126) 3 K. CONCEPT PLUS	0	0	0	0	0	0	0	557825
177	394	HYUNDAI	i30 1.6 CRDi TEAM OV EURO5	0	0	0	0	0	0	0	559730
177	390	HYUNDAI	i30 1.6 CVVT MODE OV EURO5	0	0	0	0	0	0	0	560534
114	784	PEUGEOT	407 EXECUTIVE BLACK CD 1.6 HDI	0	0	0	0	0	0	0	560705
34	330	CITROEN	C5 3 1.6 HDI (112) DYNAMIQUE	0	0	0	0	0	0	0	562080
800	181	KIA	CERATO 1.6 EX GSL SEDAN CONCEPT	0	0	0	0	0	0	0	563453
114	880	PEUGEOT	508 ACTIVE 1.6 THP 156	0	0	0	0	0	0	0	564405
3	1003	ALFA ROMEO	GIULIETTA 1.4 TB MULTIAIR (170)	0	0	0	0	0	0	0	564425
800	206	KIA	CERATO NB 1.6 COOL	0	0	0	0	0	0	0	564519
800	1004	KIA	CEED MOTION 1.6 CRDI 115 E5	0	0	0	0	0	0	0	564710
53	378	FORD	FOCUS 1.6i 4 KAPI TREND OV (100)	0	0	0	0	0	0	0	565085
111	692	OPEL	ASTRA HB 1.6 (115) COSMO	0	0	0	0	0	0	0	566829
114	877	PEUGEOT	508 ACCESS 1.6 HDI 112	0	0	0	0	0	0	0	567763
111	679	OPEL	ASTRA HB 1.6 (115) SPORT	0	0	0	0	0	0	0	568197
111	731	OPEL	ASTRA ST 1.6 115 SPORT	0	0	0	0	0	0	0	568292
177	310	HYUNDAI	i30 CW 1.6 CRDi (115) MODE	0	0	0	0	0	0	0	568351
133	1020	SKODA	OCTAVIA AMBITION 1.6 102	0	0	0	0	0	0	0	569075
111	639	OPEL	INSIGNIA NB COSMO 1.6 (115)	0	0	0	0	0	0	0	569192
114	355	PEUGEOT	308 5 KAPI ACTIVE 1.6 e-HDI (112)	0	0	0	0	0	0	0	569472
800	176	KIA	CEED 1.6 GSL (126) 5 KAPI MOTION OV	0	0	0	0	0	0	0	569708
800	232	KIA	PRO CEED 1.6 CRDI 115 3 KAPI CONCEPT	0	0	0	0	0	0	0	569724
800	218	KIA	PRO CEED 1.6 CRDI (128) 3 KAPI CONCEPT	0	0	0	0	0	0	0	569879
53	821	FORD	FOCUS 1.6i COLLECTION 5 KAPI OV (100)	0	0	0	0	0	0	0	569940
800	182	KIA	CERATO 1.6 EX GSL SEDAN CONSEPT OV	0	0	0	0	0	0	0	569948
53	890	FORD	FOCUS COMFORT 5K 1.6i (100)	0	0	0	0	0	0	0	570067
19	253	SEAT	ALTEA XL STYLANCE 1.4 (125)	0	0	0	0	0	0	0	570615
177	279	HYUNDAI	i30 1.6 CRDi (115) PRIME	0	0	0	0	0	0	0	570686
154	442	VOLVO	C30 1.6 D2	0	0	0	0	0	0	0	570697
53	825	FORD	FOCUS 1.6i COLLECTION 4 KAPI OV (100)	0	0	0	0	0	0	0	570744
89	445	MAZDA	5 2.0 MZR GRADE-C 6MT	0	0	0	0	0	0	0	572601
133	411	SKODA	OCTAVIA CLASSIC 1.6 TDI CR 105 DSG TIPTR	0	0	0	0	0	0	0	572712
111	645	OPEL	INSIGNIA HB EDITION 1.6 (180)	0	0	0	0	0	0	0	574209
53	893	FORD	FOCUS COMFORT 4K 1.6i (100) OV	0	0	0	0	0	0	0	574817
800	1008	KIA	PRO CEED COOL PLUS 1.6  CRDI 115 OV	0	0	0	0	0	0	0	574924
177	392	HYUNDAI	i30 1.6 CVVT PRIME OV EURO5	0	0	0	0	0	0	0	575386
114	353	PEUGEOT	308 5 KAPI ACTIVE 1.6 THP (156) OV	0	0	0	0	0	0	0	575606
53	831	FORD	FOCUS 1.6 TDCi COLLECTION SW (109)	0	0	0	0	0	0	0	575746
114	969	PEUGEOT	308 MILLESIM 1.6 HDI (112)  AUTO6R	0	0	0	0	0	0	0	575987
111	653	OPEL	INSIGNIA HB COSMO 1.6 (180)	0	0	0	0	0	0	0	576319
53	827	FORD	FOCUS 1.6 TDCi COLLECTION 4 KAPI (109)	0	0	0	0	0	0	0	577552
154	484	VOLVO	C30 1.6 D2 PREMIUM	0	0	0	0	0	0	0	579798
111	682	OPEL	ASTRA HB 1.6 (180) SPORT	0	0	0	0	0	0	0	579799
111	1010	OPEL	ASTRA NB 1.6i 16V (115) ENJOY PLUS EASYTRONIC	0	0	0	0	0	0	0	579799
111	632	OPEL	INSIGNIA NB EDITION 1.6 (180)	0	0	0	0	0	0	0	579799
111	725	OPEL	MERIVA 1.7 DT (100) ENJOY OV	0	0	0	0	0	0	0	579799
34	1253	CITROEN	C4 1.6 e-HDI (112) CONFORT PLUS MCP	0	0	0	0	0	0	0	580420
800	156	KIA	CEED 1.6 CRDI VGT (115) MOTION 5 KAPI OV	0	0	0	0	0	0	0	580740
800	1009	KIA	PRO CEED CONCEPT 1.6 CRDI 128 E5	0	0	0	0	0	0	0	580770
800	1005	KIA	CEED MOTION 1.6 CRDI 115 OV	0	0	0	0	0	0	0	580843
154	415	VOLVO	C30 1.6 D2 DRIVE	0	0	0	0	0	0	0	581340
19	282	SEAT	ALTEA XL 1.4 TSI (125) STYLE	0	0	0	0	0	0	0	581494
53	895	FORD	FOCUS TREND X 5K 1.6 TDCi (90)	0	0	0	0	0	0	0	581761
114	848	PEUGEOT	3008 PREMIUM 1.6 VTI (120)	0	0	0	0	0	0	0	583113
61	173	HONDA	CIVIC HB 1.4 i-SHIFT COMFORT	0	0	0	0	0	0	0	584633
111	689	OPEL	ASTRA HB 1.6 115 ENJOY PLUS ACTIVESELECT	0	0	0	0	0	0	0	584995
154	482	VOLVO	C30 1.6 D2 DRIVE PREMIUM	0	0	0	0	0	0	0	585208
133	378	SKODA	OCTAVIA AMBIENTE 1.4 TSI (122)	0	0	0	0	0	0	0	585447
133	413	SKODA	OCTAVIA AMBIENTE 1.6 TDI CR 105 DSG TIPT	0	0	0	0	0	0	0	585447
800	178	KIA	CEED 1.6 GSL (126) 5 KAPI CONCEPT OV	0	0	0	0	0	0	0	587156
53	902	FORD	FOCUS TREND X SW 1.6 (115) OV	0	0	0	0	0	0	0	588289
114	879	PEUGEOT	508 ACTIVE 1.6 VTI 120 AUTO6R	0	0	0	0	0	0	0	588964
53	891	FORD	FOCUS COMFORT 5K 1.6i (100) OV	0	0	0	0	0	0	0	589763
61	166	HONDA	CIVIC HB 1.4 i-SHIFT	0	0	0	0	0	0	0	589892
19	1076	SEAT	LEON 1.4 TSI 125 COPA PLUS	0	0	0	0	0	0	0	590208
53	862	FORD	MONDEO TREND 5K 1.6i (125)	0	0	0	0	0	0	0	590233
53	836	FORD	MONDEO TREND 1.6i SEDAN (125)	0	0	0	0	0	0	0	590285
53	900	FORD	FOCUS TREND X SW 1.6 TDCi (90)	0	0	0	0	0	0	0	593604
19	303	SEAT	IBIZA FR 1.4 TSI DSG (150)	0	0	0	0	0	0	0	595543
154	418	VOLVO	S40 1.6 D2 DRIVE	0	0	0	0	0	0	0	596685
154	443	VOLVO	C30 1.6 D2 SPORTS EDITION	0	0	0	0	0	0	0	596920
34	332	CITROEN	C5 3 1.6 e-HDI (112) DYNAMIQUE MCP	0	0	0	0	0	0	0	596977
800	233	KIA	PRO CEED 1.6 CRDI 115 CONCEPT 3 KAPI OV	0	0	0	0	0	0	0	597867
800	219	KIA	PRO CEED 1.6 CRDI 128 3 KAPI CONCEPT OV	0	0	0	0	0	0	0	597984
800	230	KIA	CEED 1.6 CRDi 115 CONSEPT OV	0	0	0	0	0	0	0	598045
154	485	VOLVO	C30 1.6 D2 ADVANCE	0	0	0	0	0	0	0	598253
177	395	HYUNDAI	i30 1.6 CRDi (115) MODE EURO5	0	0	0	0	0	0	0	598358
177	278	HYUNDAI	i30 1.6 CRDi (115) MODE OV	0	0	0	0	0	0	0	598856
144	734	TOYOTA	AURIS 1.4 D-4D COMFORT EXTRA	0	0	0	0	0	0	0	599584
114	882	PEUGEOT	508 ACTIVE 1.6 HDI 112	0	0	0	0	0	0	0	601465
177	309	HYUNDAI	i30 CW 1.6 CRDi (115) TEAM OV	0	0	0	0	0	0	0	601998
133	412	SKODA	OCTAVIA AMBIENTE 1.6 TDI CR (105)	0	0	0	0	0	0	0	602148
53	993	FORD	FOCUS III COMFORT 1.6 TDCi (95) 5K	0	0	0	0	0	0	0	602302
154	483	VOLVO	C30 1.6 D2 DRIVE ADVANCE	0	0	0	0	0	0	0	602934
111	750	OPEL	ASTRA HB 1.4 140 ENJOY PLUS ACTIVESELECT	0	0	0	0	0	0	0	603081
111	711	OPEL	ASTRA NB 1.6 (115)  ENJOY 111 EASYTRONIC	0	0	0	0	0	0	0	604293
114	810	PEUGEOT	308 PREMIUM 1.6 HDI AUTO6R	0	0	0	0	0	0	0	604664
111	732	OPEL	ASTRA ST 1.6 115 SPORT ACTIVE SELECT	0	0	0	0	0	0	0	605729
111	680	OPEL	ASTRA HB 1.6 (115)  SPORT ACTIVE SELECT	0	0	0	0	0	0	0	606197
111	646	OPEL	INSIGNIA HB EDITION 2.0 CDTI (130)	0	0	0	0	0	0	0	606745
154	487	VOLVO	C30 2.0 D4 GEARTRONIC	0	0	0	0	0	0	0	607558
114	869	PEUGEOT	3008 ALLURE 1.6 VTI (120)	0	0	0	0	0	0	0	607619
144	763	TOYOTA	AURIS 1.4 D-4D COMFORT PLUS M/M	0	0	0	0	0	0	0	608193
144	762	TOYOTA	AURIS 1.4 D-4D COMFORT PLUS	0	0	0	0	0	0	0	609523
800	231	KIA	PRO CEED 1.6 CRDI 115 3 KAPI COOL PLUS OV	0	0	0	0	0	0	0	609869
800	1010	KIA	PRO CEED CONCEPT 1.6 CRDI 128 E5 OV	0	0	0	0	0	0	0	609869
800	217	KIA	CEED 1.6 CRDI (128) 5 KAPI CONCEPT OV	0	0	0	0	0	0	0	610020
61	139	HONDA	CIVIC HB 1.8 SPORT	0	0	0	0	0	0	0	613016
3	218	ALFA ROMEO	GIULIETTA 1.4 TB 120 DISTINCTIVE	0	0	0	0	0	0	0	613083
114	878	PEUGEOT	508 ACCESS 1.6 e-HDI AUTO6R	0	0	0	0	0	0	0	613308
114	970	PEUGEOT	308 PREMIUM PLUS 1.6 HDI (112) AUTO6R	0	0	0	0	0	0	0	613645
122	549	RENAULT (OYAK)	MEGANE III HB AUTHENTIQUE 1.6 16V	0	0	0	0	0	0	0	614322
111	641	OPEL	INSIGNIA NB COSMO 2.0 (220)	0	0	0	0	0	0	0	614521
111	654	OPEL	INSIGNIA HB COSMO 2.0 (220)	0	0	0	0	0	0	0	614546
111	671	OPEL	INSIGNIA SPORTS TOURER 2.0 (220) COSMO	0	0	0	0	0	0	0	614546
19	1003	SEAT	IBIZA 1.2 TSI (105) COPA PLUS DSG	0	0	0	0	0	0	0	614691
177	280	HYUNDAI	i30 1.6 CRDi (115) PRIME OV	0	0	0	0	0	0	0	615302
114	876	PEUGEOT	508 ACCESS 1.6 THP 156 OV	0	0	0	0	0	0	0	615755
154	417	VOLVO	C30 2.0 D4 OV	0	0	0	0	0	0	0	616479
122	1085	RENAULT (OYAK)	MEGANE HB BUSINESS 1.6 16V 110 E5	0	0	0	0	0	0	0	616898
53	885	FORD	MONDEO TREND 2.0 TDCi (140) SEDAN OV	0	0	0	0	0	0	0	617222
53	894	FORD	FOCUS TREND X 5K 1.6 (115)	0	0	0	0	0	0	0	617619
177	397	HYUNDAI	i30 1.6 CRDi (115) PRIME EURO5	0	0	0	0	0	0	0	617642
19	1007	SEAT	IBIZA SPORTOURER 1.2 TSI (105) COPA PLUS DSG	0	0	0	0	0	0	0	617826
53	835	FORD	MONDEO TITANIUM 1.6i SEDAN (125)	0	0	0	0	0	0	0	618004
111	1024	OPEL	INSIGNIA NB EDITION ELEGANCE 1.6 (180)	0	0	0	0	0	0	0	618661
111	693	OPEL	ASTRA HB 1.6 (115) COSMO ACTIVE SELECT	0	0	0	0	0	0	0	621317
89	418	MAZDA	6 2.0 DYNAMIC	0	0	0	0	0	0	0	621795
19	325	SEAT	IBIZA SC 1.2 TSI (105) SPORT DSG	0	0	0	0	0	0	0	622349
123	701	RENAULT	MEGANE HB III AUTHNTIQUE 1.6 16V	0	0	0	0	0	0	0	622484
154	488	VOLVO	C30 2.0 D4 PREMIUM GEARTRONIC	0	0	0	0	0	0	0	622992
144	735	TOYOTA	AURIS 1.4 D-4D COMFORT EXTRA M/M	0	0	0	0	0	0	0	623241
122	1086	RENAULT (OYAK)	MEGANE HB BUSINESS 1.5 DCI 90 E5	0	0	0	0	0	0	0	626735
122	550	RENAULT (OYAK)	MEGANE III HB AUTHENTIQUE 1.5 DCI 85	0	0	0	0	0	0	0	627255
114	868	PEUGEOT	3008 ACTIVE 1.6 HDI (112) AUTO6R	0	0	0	0	0	0	0	627433
177	359	HYUNDAI	i30 1.6 CRDi PS SPORTS	0	0	0	0	0	0	0	627799
53	834	FORD	FOCUS 1.6 TDCi TREND 4 KAPI (90)	0	0	0	0	0	0	0	629353
177	314	HYUNDAI	i30 1.6 CVVT SPORTS	0	0	0	0	0	0	0	629445
53	898	FORD	FOCUS TREND X 4K 1.6 TDCi (90)	0	0	0	0	0	0	0	630036
122	1014	RENAULT (OYAK)	MEGANE III HB AUTHENTIQUE 1.5 DCI 90 E5	0	0	0	0	0	0	0	630078
177	396	HYUNDAI	i30 1.6 CRDi (115) MODE OV EURO5	0	0	0	0	0	0	0	630140
53	994	FORD	FOCUS III COMFORT 1.6 TDCi (95) 4K	0	0	0	0	0	0	0	631285
122	551	RENAULT (OYAK)	MEGANE III HB EXPRESSION 1.6 16V	0	0	0	0	0	0	0	633326
154	448	VOLVO	S40 1.6 D2 DYNAMIC EDITION	0	0	0	0	0	0	0	634023
154	451	VOLVO	V50 1.6 D2	0	0	0	0	0	0	0	634977
144	750	TOYOTA	AURIS 1.6 ELEGANT OV	0	0	0	0	0	0	0	635089
114	965	PEUGEOT	407 GT LINE 2.0 HDI (163) OV	0	0	0	0	0	0	0	635399
144	777	TOYOTA	AURIS 1.6 SPORT	0	0	0	0	0	0	0	635424
123	702	RENAULT	MEGANE HB III AUTHENTIQUE 1.5 DCI (85)	0	0	0	0	0	0	0	635588
111	736	OPEL	ASTRA ST 1.6 115 COSMO	0	0	0	0	0	0	0	635664
154	489	VOLVO	C30 2.0 D4 ADVANCE GEARTRONIC	0	0	0	0	0	0	0	638556
111	595	OPEL	CORSA 3 KAPI 1.6 TURBO OPC	0	0	0	0	0	0	0	640657
114	871	PEUGEOT	3008 ALLURE 1.6 HDI (112)	0	0	0	0	0	0	0	641375
123	719	RENAULT	MEGANE III COUPE DYNAMIQUE 1.4T (130)	0	0	0	0	0	0	0	641943
122	1044	RENAULT (OYAK)	MEGANE HB EXPRESSION 1.6 16V 110 E5	0	0	0	0	0	0	0	642936
122	1004	RENAULT (OYAK)	MEGANE III HB PLAY 1.5 DCI (90) E5	0	0	0	0	0	0	0	643341
122	1016	RENAULT (OYAK)	MEGANE III HB PLAY 1.5 DCI 90 E5	0	0	0	0	0	0	0	643341
154	521	VOLVO	V60 1.6 DRIVE	0	0	0	0	0	0	0	646118
177	400	HYUNDAI	ELANTRA 1.6 D-CVVT MODE OV	0	0	0	0	0	0	0	646577
122	553	RENAULT (OYAK)	MEGANE III HB EXPRESSION 1.5 DCI 85	0	0	0	0	0	0	0	646658
89	421	MAZDA	6 2.0 DYNAMIC+ OV	0	0	0	0	0	0	0	648888
154	416	VOLVO	C30 1.6 D2 DRIVE R-DESIGN	0	0	0	0	0	0	0	649339
122	1069	RENAULT (OYAK)	MEGANE HB EXTREME 1.6 16V 110 E5	0	0	0	0	0	0	0	649367
154	486	VOLVO	C30 1.6 D2 R-DESIGN	0	0	0	0	0	0	0	649430
154	421	VOLVO	V50 1.6 D2 DRIVE	0	0	0	0	0	0	0	649430
153	793	VOLKSWAGEN	EOS 1.4 TSI (122) COMFORTLINE	0	0	0	0	0	0	0	650578
19	1032	SEAT	LEON 1.6 TDI CR (105) COPA PLUS	0	0	0	0	0	0	0	650582
123	681	RENAULT	MEGANE III HB EXPRESSION 1.6 16V	0	0	0	0	0	0	0	651476
34	352	CITROEN	DS4 1.6 e-HDI (112) DSTYLE MCP	0	0	0	0	0	0	0	651746
111	729	OPEL	MERIVA 1.7 DTI (100) COSMO OV	0	0	0	0	0	0	0	652111
177	311	HYUNDAI	i30 CW 1.6 CRDI (115) MODE OV	0	0	0	0	0	0	0	652778
53	853	FORD	FOCUS TITANIUM 5K 1.6i (100) OV	0	0	0	0	0	0	0	653254
61	141	HONDA	CIVIC SEDAN 1.6 DREAM (Y)	0	0	0	0	0	0	0	653263
114	883	PEUGEOT	508 ACTIVE e-HDI 112 AUTO6R	0	0	0	0	0	0	0	653762
154	420	VOLVO	S40 2.0 D4 OV	0	0	0	0	0	0	0	653972
154	445	VOLVO	C30 1.6 D2 SPORTS+STYLE EDITION	0	0	0	0	0	0	0	654004
177	398	HYUNDAI	i30 1.6 CRDi (115) PRIME OV EURO5	0	0	0	0	0	0	0	654402
123	739	RENAULT	MEGANE III HB EXPRESSION 1.5 DCI 85	0	0	0	0	0	0	0	655244
111	656	OPEL	INSIGNIA HB COSMO 2.0 CDTI (160)	0	0	0	0	0	0	0	655987
53	859	FORD	FOCUS TITANIUM SW 1.6i (100) OV	0	0	0	0	0	0	0	656559
53	860	FORD	FOCUS TITANIUM SW 1.6 TDCi (109)	0	0	0	0	0	0	0	658042
53	941	FORD	MONDEO TITANIUM 2.0 TDCi 140 OV SEDAN	0	0	0	0	0	0	0	659039
34	354	CITROEN	DS4 1.6 e-HDI (112) DSPORT MCP	0	0	0	0	0	0	0	659152
122	1071	RENAULT (OYAK)	MEGANE HB EXTREME 1.5 DCI 90 E5	0	0	0	0	0	0	0	659721
122	567	RENAULT (OYAK)	MEGANE III HB SPORT EDITION 1.6 16V	0	0	0	0	0	0	0	659923
154	452	VOLVO	V50 1.6 D2 PREMIUM EDITION	0	0	0	0	0	0	0	659926
114	870	PEUGEOT	3008 ALLURE 1.6 THP (156) OV	0	0	0	0	0	0	0	660474
177	401	HYUNDAI	ELANTRA 1.6 D-CVVT PRIME OV	0	0	0	0	0	0	0	661719
123	715	RENAULT	MEGANE III COUPE IMPRESSOR 1.4T (130)	0	0	0	0	0	0	0	661801
123	685	RENAULT	MEGANE III COUPE 1.6 16V DYNAMIQUE	0	0	0	0	0	0	0	661863
122	1015	RENAULT (OYAK)	MEGANE III HB EXPRESSION 1.5 DCI 90 E5	0	0	0	0	0	0	0	663239
61	140	HONDA	CIVIC HB 1.8 SPORT i-SHIFT AMT	0	0	0	0	0	0	0	666317
122	554	RENAULT (OYAK)	MEGANE III HB EXPRESSION 1.5 DCI 105	0	0	0	0	0	0	0	666655
123	693	RENAULT	MEGANE SPORT TOURER EXPRESSION 1.6 16V	0	0	0	0	0	0	0	667152
133	382	SKODA	OCTAVIA RS 2.0 TDI CR (170)	0	0	0	0	0	0	0	669978
177	255	HYUNDAI	SONATA 2.0 CRDi SELECT	0	0	0	0	0	0	0	670049
111	647	OPEL	INSIGNIA HB EDITION 2.0 CDTI (160)	0	0	0	0	0	0	0	670905
9	521	AUDI	A1 1.2 TFSI (86)	0	0	0	0	0	0	0	671022
89	422	MAZDA	6 2.0 EXCLUSIVE OV	0	0	0	0	0	0	0	672278
123	717	RENAULT	MEGANE III COUPE COLOR EDITION 1.4T 130	0	0	0	0	0	0	0	672350
154	1054	VOLVO	V40 1.6 T4 ADVANCE	0	0	0	0	0	0	0	672453
154	447	VOLVO	S40 1.6 D2 PREMIUM EDITION	0	0	0	0	0	0	0	672585
111	737	OPEL	ASTRA ST 1.6 115 ACTIVE SELECT COSMO	0	0	0	0	0	0	0	673106
122	555	RENAULT (OYAK)	MEGANE III HB DYNAMIQUE 1.6 16V	0	0	0	0	0	0	0	673393
122	566	RENAULT (OYAK)	MEGANE III HB EXPRESSION 1.5 DCI (110)	0	0	0	0	0	0	0	673393
123	750	RENAULT	LATITUDE EXPRESSION 1.5 DCI (110)	0	0	0	0	0	0	0	675196
123	718	RENAULT	MEGANE III COUPE COLOREDITION 1.5DCI 105	0	0	0	0	0	0	0	675728
122	1048	RENAULT (OYAK)	MEGANE HB DYNAMIQUE 1.6 16V 110 E5	0	0	0	0	0	0	0	676776
122	1046	RENAULT (OYAK)	MEGANE HB EXPRESSION 1.5 DCI 110 E5	0	0	0	0	0	0	0	676776
122	1072	RENAULT (OYAK)	MEGANE HB EXTREME 1.5 DCI 110 E5	0	0	0	0	0	0	0	680127
122	558	RENAULT (OYAK)	MEGANE III HB PRIVILEGE 1.6 16V	0	0	0	0	0	0	0	680127
133	383	SKODA	OCTAVIA RS 2.0 TDI CR (170) DSG TIPTRONI	0	0	0	0	0	0	0	680804
123	694	RENAULT	MEGANE SPORT TOURER EXPRESSION 1.5DCI 85	0	0	0	0	0	0	0	681194
154	514	VOLVO	V60 2.0 T5 POWERSHIFT	0	0	0	0	0	0	0	681763
123	682	RENAULT	MEGANE III HB DYNAMIQUE 1.6 16V	0	0	0	0	0	0	0	682335
154	426	VOLVO	S60 2.0T POWERSHIFT	0	0	0	0	0	0	0	682750
122	1051	RENAULT (OYAK)	MEGANE HB PRIVILEGE 1.6 16V 110 E5	0	0	0	0	0	0	0	683543
111	634	OPEL	INSIGNIA NB EDITION 2.0 CDTI (160)	0	0	0	0	0	0	0	683875
133	423	SKODA	SUPERB COMFORT 1.6 TDI CR (105)	0	0	0	0	0	0	0	685757
123	703	RENAULT	MEGANE HB III EXPRESSION 1.6 16V OV	0	0	0	0	0	0	0	685762
61	143	HONDA	CIVIC SEDAN 1.6 PREMIUM (Y)	0	0	0	0	0	0	0	685930
114	849	PEUGEOT	3008 PREMIUM 1.6 HDI (110) AUTO6R	0	0	0	0	0	0	0	686010
154	419	VOLVO	S40 1.6 D2 DRIVE R-DESIGN	0	0	0	0	0	0	0	686282
154	492	VOLVO	S40 2.0 D4 GEARTRONIC	0	0	0	0	0	0	0	686359
133	384	SKODA	OCTAVIA SCOUT 4x4 2.0 TDI (140)	0	0	0	0	0	0	0	689069
53	854	FORD	FOCUS TITANIUM 5K 1.6 TDCi (109)	0	0	0	0	0	0	0	689129
123	706	RENAULT	MEGANE III HB PRIVILEGE 1.6 16V	0	0	0	0	0	0	0	689157
122	1003	RENAULT (OYAK)	MEGANE III HB PLAY 1.6 16V OV	0	0	0	0	0	0	0	689618
123	686	RENAULT	MEGANE III COUPE 1.5 DCI (105) DYNAMIQUE	0	0	0	0	0	0	0	689735
111	633	OPEL	INSIGNIA NB EDITION 2.0 CDTI (130)	0	0	0	0	0	0	0	689937
111	643	OPEL	INSIGNIA NB COSMO 2.0 CDTI (160)	0	0	0	0	0	0	0	689945
154	515	VOLVO	V60 2.0 T5 PREMIUM POWERSHIFT	0	0	0	0	0	0	0	691065
137	164	SUBARU	LEGACY SW AWD  2.0 CVT COMFORT	0	0	0	0	0	0	0	691119
122	1001	RENAULT (OYAK)	MEGANE III HB SPORT EDITION 1.5 DCI (105)	0	0	0	0	0	0	0	694659
122	568	RENAULT (OYAK)	MEGANE III HB SPORT EDITION 1.5 DCI 110	0	0	0	0	0	0	0	694659
154	471	VOLVO	S60 2.0 D3 GEARTRONIC	0	0	0	0	0	0	0	695469
3	215	ALFA ROMEO	159 1.8 TBI (200) NEW DISTINCTIVE PLUS	0	0	0	0	0	0	0	696370
123	716	RENAULT	MEGANE III COUPE IMPRESSOR 1.5 DCI (105)	0	0	0	0	0	0	0	696630
123	2003	RENAULT	MEGANE SPORT TOURER EXPRESSION 1.5 DCI 90 E5	0	0	0	0	0	0	0	698664
154	522	VOLVO	V60 1.6 DRIVE PREMIUM	0	0	0	0	0	0	0	700245
137	160	SUBARU	LEGACY AWD SEDAN 2.0 CVT COMFORT	0	0	0	0	0	0	0	701002
123	751	RENAULT	LATITUTE PRIVILEGE 1.5 DCI (110)	0	0	0	0	0	0	0	701266
122	557	RENAULT (OYAK)	MEGANE III HB DYNAMIQUE 1.5 DCI 105	0	0	0	0	0	0	0	701746
133	1001	SKODA	OCTAVIA SCOUT 4x4 TDI CR (140) 4x4	0	0	0	0	0	0	0	701835
122	552	RENAULT (OYAK)	MEGANE III HB EXPRESSION 1.6 16V OV	0	0	0	0	0	0	0	703693
111	673	OPEL	INSIGNIA SPORTSTOURER 2.0 CDTi 160 COSMO	0	0	0	0	0	0	0	703959
53	857	FORD	FOCUS TITANIUM 4K 1.6 TDCi (109)	0	0	0	0	0	0	0	704301
154	454	VOLVO	V50 1.6 D2 PREMIUM+DYNAMIC EDITION	0	0	0	0	0	0	0	704659
154	464	VOLVO	S60 2.0 T5 POWERSHIFT	0	0	0	0	0	0	0	704835
53	861	FORD	KUGA TITANUM 5K 2.0 TDCi (136)	0	0	0	0	0	0	0	704976
9	1022	AUDI	A1 SPORTBACK 1.2 TFSI (86)	0	0	0	0	0	0	0	706575
144	749	TOYOTA	AURIS 1.6 COMFORT EXTRA OV	0	0	0	0	0	0	0	707204
122	1045	RENAULT (OYAK)	MEGANE HB EXPRESSION 1.6 16V 110 OV E5	0	0	0	0	0	0	0	707232
177	360	HYUNDAI	i30 CW 1.6 CRDi VGT PS SPORTS OV	0	0	0	0	0	0	0	708369
122	560	RENAULT (OYAK)	MEGANE III HB PRIVILEGE 1.5 DCI 105	0	0	0	0	0	0	0	708762
122	1017	RENAULT (OYAK)	MEGANE III HB DYNAMIQUE 1.5 DCI 110 E5	0	0	0	0	0	0	0	708832
154	518	VOLVO	V60 T6 AWD PREMIUM GEARTRONIC	0	0	0	0	0	0	0	710782
114	1006	PEUGEOT	3008 ALLURE 1.6 e-HDI AUTO6R	0	0	0	0	0	0	0	711007
123	684	RENAULT	MEGANE III HB DYNAMIQUE 1.5 DCI (105)	0	0	0	0	0	0	0	711062
153	881	VOLKSWAGEN	GOLF VI 1.6 TDI (90) TRENDLINE	0	0	0	0	0	0	0	712490
123	689	RENAULT	LAGUNA DYNAMIQUE GT 1.5 DCI (110)	0	0	0	0	0	0	0	713187
114	852	PEUGEOT	308 CC FELINE 1.6 THP (140) OV	0	0	0	0	0	0	0	713872
154	429	VOLVO	V60 2.0T POWERSHIFT	0	0	0	0	0	0	0	714243
122	1070	RENAULT (OYAK)	MEGANE HB EXTREME 1.6 16V OV 110 E5	0	0	0	0	0	0	0	714302
61	142	HONDA	CIVIC SEDAN 1.6 DREAM OV (Y)	0	0	0	0	0	0	0	715278
89	436	MAZDA	3 MPS 2.3	0	0	0	0	0	0	0	715763
122	1018	RENAULT (OYAK)	MEGANE III HB PRIVILEGE 1.5 DCI 110 E5	0	0	0	0	0	0	0	715923
123	708	RENAULT	MEGANE III HB PRIVILEGE 1.5 DCI 105	0	0	0	0	0	0	0	718172
154	476	VOLVO	S60 2.4 D5 AWD GEARTRONIC	0	0	0	0	0	0	0	718604
154	472	VOLVO	S60 2.0 D3 PREMIUM GEARTRONIC	0	0	0	0	0	0	0	718749
154	449	VOLVO	S40 1.6 D2 PREMIUM+DYNAMIC EDITION	0	0	0	0	0	0	0	718756
154	423	VOLVO	S60 2.4 D5 AWD	0	0	0	0	0	0	0	718756
154	422	VOLVO	V50 1.6 D2 DRIVE R-DESIGN	0	0	0	0	0	0	0	718756
154	524	VOLVO	V60 2.0 D3 GEARTRONIC	0	0	0	0	0	0	0	718828
61	145	HONDA	CIVIC SEDAN 1.6 ELEGANCE (Y)	0	0	0	0	0	0	0	720224
137	165	SUBARU	LEGACY SW AWD 2.0 CVT ELEGANCE	0	0	0	0	0	0	0	720537
53	887	FORD	MONDEO SELECTIVE 2.0 TDCi (140) SEDAN OV	0	0	0	0	0	0	0	720914
111	1354	OPEL	INSIGNIA NB 2.0 CDTI 160 4x4 OV	0	0	0	0	0	0	0	721379
154	523	VOLVO	V60 1.6 DRIVE ADVANCE	0	0	0	0	0	0	0	723385
137	1002	SUBARU	XV 1.6 AWD 5MT COMFORT	0	0	0	0	0	0	0	725123
53	945	FORD	MONDEO SELECTIVE 2.0 TDCi 140 OV SW	0	0	0	0	0	0	0	726336
153	882	VOLKSWAGEN	GOLF VI 1.6 TDI (105) TRENDLINE	0	0	0	0	0	0	0	727030
154	455	VOLVO	V50 2.0 D4 GEARTRONIC	0	0	0	0	0	0	0	727512
154	466	VOLVO	S60 2.0T PREMIUM EDITION POWERSHIFT	0	0	0	0	0	0	0	727901
19	1033	SEAT	LEON 1.6 TDI CR (105) COPA PLUS DSG	0	0	0	0	0	0	0	729582
114	850	PEUGEOT	3008 PREMIUM PACK 1.6 HDI (110) AUTO6R	0	0	0	0	0	0	0	729788
123	2006	RENAULT	MEGANE III COUPE COLOR EDITION 1.5 110 E5	0	0	0	0	0	0	0	730993
177	256	HYUNDAI	SONATA 2.0 CRDi SELECT H-MATIC	0	0	0	0	0	0	0	733367
114	873	PEUGEOT	3008 FELINE 1.6 HDI (112) AUTO6R	0	0	0	0	0	0	0	733868
114	884	PEUGEOT	508 ACTIVE 2.0 HDI 163 OV	0	0	0	0	0	0	0	733868
114	1008	PEUGEOT	308 CC FELINE 1.6 THP (156) OV	0	0	0	0	0	0	0	735288
123	639	RENAULT	LAGUNA 1.5 DCI (110) EXPRESSION	0	0	0	0	0	0	0	736113
9	510	AUDI	A1 1.4 TFSI (122)	0	0	0	0	0	0	0	736947
154	493	VOLVO	S60 2.0 T5 PREMIUM POWERSHIFT	0	0	0	0	0	0	0	737342
107	318	NISSAN	QASHQAI 1.6 TEKNA PACK	0	0	0	0	0	0	0	737397
154	525	VOLVO	V60 2.0 D3 PREMIUM GEARTRONIC	0	0	0	0	0	0	0	738651
61	1010	HONDA	CIVIC SEDAN 1.6 125 ELEGANCE LPG HAZIRLIK (Y)	0	0	0	0	0	0	0	741538
154	450	VOLVO	S40 1.6 D2 R-DESIGN	0	0	0	0	0	0	0	741732
154	477	VOLVO	S60 2.4 D5 AWD PREMIUM EDITION	0	0	0	0	0	0	0	741847
154	473	VOLVO	S60 2.0 D3 ADVANCE PREMIUM GEARTRONIC	0	0	0	0	0	0	0	741923
122	1087	RENAULT (OYAK)	MEGANE HB BUSINESS 1.5 DCI 110 EDC E5	0	0	0	0	0	0	0	744302
9	412	AUDI	A3 1.4 TFSI (125)	0	0	0	0	0	0	0	744806
123	695	RENAULT	MEGANE SPORT TOURER PRIVILEGE 1.5DCI 105	0	0	0	0	0	0	0	746618
122	556	RENAULT (OYAK)	MEGANE III HB DYNAMIQUE 1.6 16V OV	0	0	0	0	0	0	0	748214
122	577	RENAULT (OYAK)	MEGANE III HB EXPRESSION 1.5 DCI 110 EDC	0	0	0	0	0	0	0	748214
153	1132	VOLKSWAGEN	AMAROK 2.0 TDI TRENDLINE 4x2	0	0	0	0	0	0	0	748427
137	1004	SUBARU	XV 1.6 AWD 5MT ELEGANCE	0	0	0	0	0	0	0	749461
19	315	SEAT	IBIZA SC 1.4 TSI 180 BOCANEGRA DSG	0	0	0	0	0	0	0	750415
154	467	VOLVO	S60 2.0T ADVANCE EDITION	0	0	0	0	0	0	0	751120
122	1049	RENAULT (OYAK)	MEGANE HB DYNAMIQUE 1.6 16V 105 OV E5	0	0	0	0	0	0	0	751971
122	1047	RENAULT (OYAK)	MEGANE HB EXPRESSION 1.5 DCI 110 EDC E5	0	0	0	0	0	0	0	751971
34	1066	CITROEN	DS5 2.0 DIZEL	0	0	0	0	0	0	0	752253
61	144	HONDA	CIVIC SEDAN 1.6 PREMIIUM OV (Y)	0	0	0	0	0	0	0	752361
21	645	BMW	116i 5 KAPI PURE	0	0	0	0	0	0	0	752903
123	2005	RENAULT	MEGANE III COUPE IMPRESSOR 1.5 DCI 110 E5	0	0	0	0	0	0	0	753602
153	841	VOLKSWAGEN	GOLF VI 1.6 (102) TRENDLINE	0	0	0	0	0	0	0	753922
9	512	AUDI	A1 1.6 TDI (105)	0	0	0	0	0	0	0	754930
137	166	SUBARU	LEGACY SW AWD 2.0 D-S STYLE	0	0	0	0	0	0	0	755212
154	528	VOLVO	V60 2.4 D5 AWD GEARTRONIC	0	0	0	0	0	0	0	755282
122	559	RENAULT (OYAK)	MEGANE III HB PRIVILEGE 1.6 16V OV	0	0	0	0	0	0	0	755696
177	257	HYUNDAI	SONATA 2.0 CRDi STYLE H-MATIC	0	0	0	0	0	0	0	756680
123	740	RENAULT	MEGANE SPORT TOURER EXPRESSION 1.4T 130	0	0	0	0	0	0	0	758813
122	1073	RENAULT (OYAK)	MEGANE HB EXTREME 1.5 DCI 110 EDC E5	0	0	0	0	0	0	0	759495
122	1052	RENAULT (OYAK)	MEGANE HB PRIVILEGE 1.6 16V 110 OV E5	0	0	0	0	0	0	0	759495
153	906	VOLKSWAGEN	JETTA 1.6 TDI PRIMELINE (105)	0	0	0	0	0	0	0	760428
123	753	RENAULT	LATITUDE PRIVILEGE 2.0 DCI (175) OV	0	0	0	0	0	0	0	761045
123	705	RENAULT	MEGANE III HB DYNAMIQUE 1.6 16V OV	0	0	0	0	0	0	0	761960
177	258	HYUNDAI	SONATA 2.0 CRDi STYLE PLUS H-MATIC	0	0	0	0	0	0	0	762498
19	273	SEAT	LEON 2.0 TDI (170) DPF FR	0	0	0	0	0	0	0	763325
123	640	RENAULT	LAGUNA 1.6 16V (110) EXPRESSION	0	0	0	0	0	0	0	763437
154	526	VOLVO	V60 2.0 D3 ADVANCE GEARTRONIC	0	0	0	0	0	0	0	765019
153	883	VOLKSWAGEN	GOLF VI 1.6 TDI (105) COMFORTLINE	0	0	0	0	0	0	0	765295
123	707	RENAULT	MEGANE III HB PRIVILEGE 1.6 16V OV	0	0	0	0	0	0	0	765731
123	2013	RENAULT	MEGANE COUPE IMPRESSOR 1.5 DCI 110 EDC	0	0	0	0	0	0	0	765923
107	291	NISSAN	QASHQAI 1.6 PLATINUM	0	0	0	0	0	0	0	766254
153	620	VOLKSWAGEN	JETTA 1.6 PRIMELINE (102)	0	0	0	0	0	0	0	768268
123	687	RENAULT	LAGUNA SPORT EMOTION 2.0 DCI (150) OV	0	0	0	0	0	0	0	768353
21	564	BMW	116i PREMIUM	0	0	0	0	0	0	0	768579
123	752	RENAULT	LATITUDE EXECUTIVE 1.5 DCI (110)	0	0	0	0	0	0	0	768857
9	287	AUDI	A3 SPORTBACK 1.6	0	0	0	0	0	0	0	771123
122	569	RENAULT (OYAK)	MEGANE III HB SPORT EDI 1.5 DCI 110 EDC	0	0	0	0	0	0	0	771842
154	469	VOLVO	S60 T6 AWD GEARTRONIC	0	0	0	0	0	0	0	773786
154	529	VOLVO	V60 2.4 D5 AWD PREMIUM GEARTRONIC	0	0	0	0	0	0	0	773786
123	645	RENAULT	LAGUNA 1.5 DCI (110) PRIVILEGE	0	0	0	0	0	0	0	774422
53	856	FORD	FOCUS TITANIUM 4K 1.6i (100) OV	0	0	0	0	0	0	0	777107
61	146	HONDA	CIVIC SEDAN 1.6 ELEGANCE OV (Y)	0	0	0	0	0	0	0	777821
137	123	SUBARU	FORESTER AWD 2.0X TREND	0	0	0	0	0	0	0	778329
154	500	VOLVO	S60 2.0 D3 ADVANCE	0	0	0	0	0	0	0	779076
107	1028	NISSAN	QASHQAI 1.6 TEKNA PREMIUM PACK CVT	0	0	0	0	0	0	0	780477
153	998	VOLKSWAGEN	GOLF VI 1.6 TDI (105) BLUEMOTION	0	0	0	0	0	0	0	780601
9	413	AUDI	A3 SPORTBACK 1.4 TFSI (125)	0	0	0	0	0	0	0	781077
154	495	VOLVO	S60 T6 AWD PREMIUM GEARTRONIC	0	0	0	0	0	0	0	783537
61	1011	HONDA	CIVIC SEDAN 1.6 125 ELEGANCE OV LPG HAZIR (Y)	0	0	0	0	0	0	0	786034
122	570	RENAULT (OYAK)	MEGANE III HB DYNAMIQUE 1.5 DCI 110 EDC	0	0	0	0	0	0	0	787593
154	475	VOLVO	S60 2.0 D3 R-DESIGN GEARTRONIC	0	0	0	0	0	0	0	788244
154	424	VOLVO	V60 2.4 D5 AWD OV	0	0	0	0	0	0	0	788244
53	2423	FORD	MONDEO SELECTIVE 1.6i ECOBOOST 160 SW	0	0	0	0	0	0	0	789634
154	527	VOLVO	V60 2.0 D3 R-DESIGN GEARTRONIC	0	0	0	0	0	0	0	789634
122	1050	RENAULT (OYAK)	MEGANE HB DYNAMIQUE 1.5 DCI 110 EDC E5	0	0	0	0	0	0	0	791551
122	571	RENAULT (OYAK)	MEGANE III PRIVILEGE 1.5 DCI 110 EDC	0	0	0	0	0	0	0	795469
137	1001	SUBARU	XV 2.0 AWD TD 6MT PREMIUM	0	0	0	0	0	0	0	796130
21	646	BMW	116i 5 KAPI ADVANTAGE	0	0	0	0	0	0	0	796791
133	386	SKODA	SUPERB ELEGANCE 2.0 TDI CR (170) DSG TIP	0	0	0	0	0	0	0	798135
153	907	VOLKSWAGEN	JETTA 1.6 TDI PRIMELINE T.TRONIC DSG 105	0	0	0	0	0	0	0	798449
53	906	FORD	KUGA SELECTIVE 5K 2.0 TDCi 140 P.SHIFT	0	0	0	0	0	0	0	799347
137	125	SUBARU	FORESTER AWD 2.0X COMFORT	0	0	0	0	0	0	0	801949
153	77	VOLKSWAGEN	GOLF VI 1.6 TDI (105) HIGHLINE	0	0	0	0	0	0	0	803559
123	691	RENAULT	LAGUNA EXECUTIVE 1.5 DCI (110)	0	0	0	0	0	0	0	805122
153	621	VOLKSWAGEN	JETTA 1.6 PRIMELINE TIPTRONIC	0	0	0	0	0	0	0	806681
153	913	VOLKSWAGEN	GOLF VI 1.6 TDI (105) TRENDLINE DSG	0	0	0	0	0	0	0	807812
154	1002	VOLVO	V60 2.0 D3 VOLVO OCEAN RACE GEARTRONIC	0	0	0	0	0	0	0	808051
153	625	VOLKSWAGEN	JETTA 1.6 COMFORTLINE (102)	0	0	0	0	0	0	0	808703
154	463	VOLVO	S60 1.6 T4 R-DESIGN PREMIUM+ADVANCE POWE	0	0	0	0	0	0	0	811359
21	605	BMW	116i COMFORT	0	0	0	0	0	0	0	814931
153	78	VOLKSWAGEN	JETTA 1.4 TSI (170) TRENDLINE	0	0	0	0	0	0	0	815945
53	907	FORD	KUGA TITANIUM 5K 2.0 TDCi 140 POWERSHIFT	0	0	0	0	0	0	0	818537
123	648	RENAULT	LAGUNA 2.0 (170) PRIVILEGE	0	0	0	0	0	0	0	818822
9	256	AUDI	A3 1.6	0	0	0	0	0	0	0	819651
133	373	SKODA	SUPERB ELEGANCE 1.8 TSI (160) TIPTRONIC	0	0	0	0	0	0	0	820982
107	321	NISSAN	QASHQAI 1.5 DCI TEKNA PACK	0	0	0	0	0	0	0	821599
137	127	SUBARU	FORESTER AWD 2.0X LIMITED	0	0	0	0	0	0	0	826143
137	124	SUBARU	FORESTER AWD 2.0X 4AT TREND	0	0	0	0	0	0	0	828041
111	588	OPEL	ANTARA 2.0 CDTi COSMO AS	0	0	0	0	0	0	0	830243
122	1053	RENAULT (OYAK)	MEGANE HB PRIVILEGE 1.5 DCI 110 EDC E5	0	0	0	0	0	0	0	833210
94	370	MITSUBISHI	OUTLANDER 2.0 DID INSTYLE	0	0	0	0	0	0	0	834102
9	438	AUDI	A3 1.6 S TRONIC	0	0	0	0	0	0	0	836680
177	251	HYUNDAI	TUCSON 2.0 CRDi VGT (150) SELECT 4x4	0	0	0	0	0	0	0	842179
137	152	SUBARU	FORESTER AWD 2.0 TD 6MT COMFORT	0	0	0	0	0	0	0	842519
114	356	PEUGEOT	308 5 KAPI ACTIVE 1.6 e-HDI (112) AUTO6R	0	0	0	0	0	701219	592123	577907
34	1042	CITROEN	C4 1.6 e-HDI (115) CONFORT MCP	0	0	0	0	705102	660954	592875	575267
114	874	PEUGEOT	508 ACCESS 1.6 VTI 120 AUTO6R	0	0	0	0	0	634893	593369	585193
34	329	CITROEN	C5 3 1.6 HDI (112) CONFORT	0	0	0	0	0	0	594427	566588
34	326	CITROEN	C5 3 1.6 THP (156) CONFORT OV	0	0	0	0	0	0	594465	566645
114	354	PEUGEOT	308 5 KAPI ACTIVE 1.6 HDI (92)	0	0	801804	749355	700331	609085	595011	557159
133	1072	SKODA	RAPID AMBITION 1.6 TDI CR 90 DSG	0	0	0	0	711418	642522	596796	0
133	1019	SKODA	OCTAVIA ACTIVE 1.6 TDI CR 105 DSG TIPTRONIC	0	0	0	0	0	0	597192	561419
111	694	OPEL	ASTRA HB 1.4 (140) COSMO	0	0	0	0	738949	643929	597916	573311
34	1142	CITROEN	C4 1.6 e-HDI (115) CONFORT PLUS MCP	0	0	0	0	0	0	598836	581056
111	1072	OPEL	MERIVA 1.4 140 ACTIVE	0	0	0	0	0	0	600846	0
114	352	PEUGEOT	308 5 KAPI ACTIVE 1.6 VTI (120) OV	0	0	0	0	0	644852	602656	564322
111	1059	OPEL	ASTRA SEDAN CLAS.1.6 16V 115 ENJOYPLUS  EASYT	0	0	0	0	0	0	602766	586121
34	327	CITROEN	C5 3 1.6 THP (156) DYNAMIQUE OV	0	0	0	0	0	0	602775	574551
34	1050	CITROEN	C5 1.6 THP 156 DYNAMIQUE OV	0	0	0	0	0	0	602797	0
34	1027	CITROEN	C5 1.6 HDI 115 CONFORT	0	0	0	0	683000	648740	605066	576740
107	1045	NISSAN	NOTE 1.5 DCI PLATINUM	0	0	0	760196	717161	651980	609327	0
19	1018	SEAT	TOLEDO 1.2 TSI 105 STYLE	0	0	0	0	670307	633058	609384	0
133	1074	SKODA	RAPID ACTIVE 1.6 TDI CR 105 DSG	0	0	0	0	0	0	609513	0
133	1021	SKODA	OCTAVIA AMBITION OPTIMAL 1.6 102	0	0	0	0	0	0	609761	574641
111	681	OPEL	ASTRA HB 1.4 (140) SPORT	0	0	0	0	797297	645332	610738	591423
3	216	ALFA ROMEO	MITO 1.4 TB MULTIAIR 170 QUAD.VERDE 3K	0	0	0	0	0	0	611757	588902
114	1058	PEUGEOT	208 GTI 1.6 THP 200	0	0	0	0	721822	656196	613271	0
111	1083	OPEL	ASTRA HB 1.4 140 S&S SPORT	0	0	0	0	0	0	613719	0
111	1086	OPEL	ASTRA SPORT TOURER 1.4 140 S&S SPORT	0	0	0	0	0	0	613719	0
111	733	OPEL	ASTRA ST 1.4 140  SPORT	0	0	0	0	0	0	613904	586420
53	937	FORD	MONDEO TREND 1.6i ECOBOOST SEDAN	0	0	0	0	0	669688	615237	590233
53	936	FORD	MONDEO TREND 1.6i (120) SEDAN	0	0	0	0	0	666044	615239	590233
107	1027	NISSAN	NP300 PICKUP RALLY RAID 4x4	0	0	0	0	0	659556	616386	576168
114	867	PEUGEOT	3008 ACTIVE 1.6 HDI (112)	0	0	0	0	0	0	616446	577252
19	302	SEAT	IBIZA SC 1.4 TSI (180) CUPRA	0	0	0	0	0	0	617026	567260
111	1066	OPEL	ASTRA HB ACTIVE 1.4 140 ACTIVE SELECT	0	0	0	0	0	0	617453	0
111	1099	OPEL	ASTRA SEDAN 1.3 CDTI 95 SPORT STIL	0	0	0	0	0	0	619757	0
111	1073	OPEL	MERIVA 1.4 120 ACTIVE AT	0	0	0	0	793701	705206	619757	0
111	1080	OPEL	ASTRA SEDAN 1.6 115 BUSINESS OV	0	0	0	0	0	635107	620827	0
114	1063	PEUGEOT	2008 ACTIVE 1.6 e-HDI	0	855066	806651	760991	717917	658831	621517	0
133	1022	SKODA	OCTAVIA AMBITION 1.4 TSI 122	0	0	0	0	0	0	622339	590233
133	1046	SKODA	OCTAVIA AMBITION 1.4 TSI 140	0	0	0	0	0	0	623379	0
114	1033	PEUGEOT	308 SPORTIUM 1.6 e-HDI AUTO6R	0	0	0	0	0	707338	623394	619014
144	1039	TOYOTA	AURIS 1.33 LIFE	0	817030	809475	798109	750316	684345	623995	0
111	1127	OPEL	ASTRA SEDAN 1.4 140 BUSINESS AT	0	0	0	0	720304	638765	624038	0
19	1019	SEAT	TOLEDO 1.4 TSI 122 REFERENCE DSG	0	0	0	0	0	0	628334	0
114	1049	PEUGEOT	3008 ACTIVE 1.6 HDI 115	0	0	0	0	740081	672809	628805	0
133	1024	SKODA	OCTAVIA AMBITION 1.6 TDI CR 105	0	0	0	0	0	0	630405	607733
144	724	TOYOTA	AURIS 1.6 COMFORT EXTRA	0	0	0	0	0	0	631685	592413
19	1006	SEAT	IBIZA SPORTOURER 1.2 TSI (105) STYLE DSG	0	0	0	0	709259	664885	631711	609939
133	1036	SKODA	OCTAVIA AMBITION OPTIMAL 1.6 TDI CR 105	0	0	0	0	0	0	632281	607733
177	399	HYUNDAI	ELANTRA 1.6 D-CVVT MODE	0	0	0	0	729837	672716	632414	609207
53	924	FORD	FOCUS III TREND 1.6i (125) 4K	0	0	0	0	0	678415	633057	602869
53	922	FORD	FOCUS III TREND 1.6i (125) 5K	0	0	0	0	0	678415	633057	602869
53	2001	FORD	FOCUS III TREND 1.6i (125) SW	0	0	0	0	0	0	633057	602869
53	2003	FORD	FOCUS III TREND 1.6 TDCi (95) SW	0	0	0	0	0	0	633066	602879
53	926	FORD	FOCUS III STYLE 1.6i (125) 5K	0	0	0	0	0	0	633113	602918
34	328	CITROEN	C5 3 1.6 THP (156) EXCLUSIVE OV	0	0	0	0	0	0	634865	605167
133	379	SKODA	OCTAVIA AMBIENTE 1.4 TSI (122) DSG TIPTR	0	0	0	0	0	0	635019	600089
111	1047	OPEL	MERIVA 1.4 (120) COSMO OV	0	0	0	0	0	0	635766	576318
111	683	OPEL	ASTRA HB 1.6 (180) SPORT ACTIVE SELECT	0	0	0	0	0	0	636395	606197
61	1020	HONDA	CIVIC HB 1.4 SPORT	0	0	0	0	0	674931	636739	0
133	1065	SKODA	OCTAVIA AMBITION 1.4 TSI 140 GREENTECH	0	0	0	0	0	0	636967	0
114	1062	PEUGEOT	2008 ACTIVE 1.6 VTI 120 OV	0	0	0	0	736991	676331	638049	0
111	1081	OPEL	ASTRA SEDAN 1.3 CDTI 95 BUSINESS	0	0	0	0	724985	646265	638572	0
111	670	OPEL	INSIGNIA SPORTS TOURER 1.6 (180) COSMO	0	0	0	0	0	0	639231	586679
800	1030	KIA	PRO CEED PREMIUM 1.6 DIZEL 128 OV	0	0	0	0	835157	726773	640327	0
421	8	MINI	MINI COOPER CLUBMAN 1.6	0	0	0	0	0	0	640717	569282
19	1021	SEAT	LEON 1.2 TSI 105 REFERENCE	0	0	0	0	0	689919	640967	0
34	341	CITROEN	C4 1.6 THP (156) EXCLUSIVE MCP	0	0	0	0	0	0	641583	622534
53	2022	FORD	FOCUS III TREND X 1.6i 125 5K	0	0	0	0	0	692981	642051	611444
53	2031	FORD	FOCUS III TREND X 1.0 ECOBOOST 125 5K	0	0	0	0	0	692981	643279	612592
53	2032	FORD	FOCUS III TREND X 1.0 ECOBOOST 125 4K	0	0	0	0	0	692981	644390	613652
53	2024	FORD	FOCUS III TREND X 1.6i 125 SW	0	0	0	0	0	0	644390	613652
53	2033	FORD	FOCUS III TREND X 1.0 ECOBOOST 125 SW	0	0	0	0	0	0	644398	613675
114	1076	PEUGEOT	308 ALLURE 1.6 THP 156	0	0	0	0	759762	690686	645517	0
111	1035	OPEL	ASTRA SEDAN 1.3 CDTI 95 SPORT	0	0	0	0	0	685742	645756	634560
34	1021	CITROEN	C5 1.6 HDI (115) EXECUTIVE	0	0	0	0	729883	693276	646109	615859
34	1055	CITROEN	C5 TOURER 1.6 e-HDI 115 DYNAMIC MCP	0	0	0	0	729883	693276	646126	0
19	1027	SEAT	TOLEDO 1.6 TDI 90 STYLE DSG	0	0	0	0	737227	729854	646491	0
94	433	MITSUBISHI	ASX 1.6 INVITE	0	0	933332	878029	767047	711963	649138	616550
53	2030	FORD	FOCUS III TREND X 1.6 TDCI 95 SW	0	0	0	0	0	0	649265	618307
133	1023	SKODA	OCTAVIA AMBITION 1.4 TSI 122 DSG TIPTRONIC	0	0	0	0	0	0	649441	616646
34	331	CITROEN	C5 3 1.6 e-HDI (112) CONFORT MCP	0	0	0	0	0	0	649617	619208
34	347	CITROEN	C5 TOURER 1.6 e-HDI 112 DYNAMIQUE MCP	0	0	0	0	0	0	649892	619456
111	754	OPEL	ASTRA ST 1.3 CDTI (95) SPORT	0	0	0	0	0	0	649904	609660
34	1043	CITROEN	C4 1.6 e-HDI (115) EXCLUSIVE MCP	0	0	0	0	739263	692962	650494	0
111	1036	OPEL	ASTRA SEDAN 1.3 CDTI 95 SPORT S&S	0	0	0	0	0	0	650918	618661
114	1053	PEUGEOT	508 ACCESS 1.6 HDI 115	0	0	0	0	795467	709881	651272	0
111	1092	OPEL	ASTRA HB 1.3 DIZEL 95 S&S SPORT	0	0	0	0	0	0	651385	0
111	716	OPEL	ASTRA HB 1.3 CDTi (95) SPORT	0	0	0	0	0	705206	651385	623664
111	1033	OPEL	ASTRA SEDAN SPORT 1.4 140 S&S	0	0	0	0	0	0	654254	576513
89	1015	MAZDA	5 1.6 DIZEL SPORT	0	0	0	0	0	737553	654314	574408
114	881	PEUGEOT	508 ACTIVE 1.6 THP 156 OV.	0	0	0	0	0	0	655153	613501
53	938	FORD	MONDEO TREND 1.6 TDCi (115) SEDAN	0	0	0	0	0	701157	655298	625112
3	220	ALFA ROMEO	GIULIETTA 1.6 JTD 105 PROGRESSION PLUS	0	0	0	0	773223	697265	656593	602590
53	925	FORD	FOCUS III TREND 1.6 TDCi (95) 4K	0	0	0	0	0	691512	656846	629353
133	380	SKODA	OCTAVIA ELEGANCE 1.4 TSI (122)	0	0	0	0	0	0	657223	619371
144	690	TOYOTA	AURIS 1.6 ELEGANT	0	0	0	0	0	693009	657543	623241
154	1036	VOLVO	V40 1.6 T3	0	0	0	0	840473	725426	657584	613712
53	2035	FORD	FOCUS III STYLE 1.0 ECOBOOST 125 4K	0	0	0	0	0	0	658134	626769
53	2036	FORD	FOCUS III STYLE 1.0 ECOBOOST 125 SW	0	0	0	0	0	712181	658181	626801
53	2034	FORD	FOCUS III STYLE 1.0 ECOBOOST 125 5K	0	0	0	0	0	0	658969	627556
53	928	FORD	FOCUS III STYLE 1.6i (125) 4K	0	0	0	0	0	705115	658969	632173
53	2004	FORD	FOCUS III STYLE 1.6i (125) SW	0	0	0	0	0	0	660424	628928
34	1047	CITROEN	DS4 1.6 e-HDI 115 DSTYLE MCP	0	0	0	0	0	0	661180	0
111	734	OPEL	ASTRA ST 1.4 140 SPORT ACTIVE SELECT	0	0	0	0	811531	716502	661607	626833
19	318	SEAT	IBIZA 1.2 TSI (105) STYLE DSG	0	0	0	0	699203	677618	661967	608721
53	923	FORD	FOCUS III TREND 1.6 TDCi (95) 5K	0	0	0	0	0	691367	663044	630797
114	890	PEUGEOT	508 SW ACTIVE 1.6 e-HDI AUTO6R	0	0	0	0	0	0	663264	621068
111	1103	OPEL	INSIGNIA NB 1.6 170 EDITION ELEGANCE MT6	0	0	0	0	0	749580	664104	0
19	1015	SEAT	TOLEDO 1.4 TSI 122 STYLE DSG	0	0	0	0	718876	680417	664788	0
53	2029	FORD	FOCUS III TREND X 1.6 TDCI 95 4K	0	0	0	0	0	761821	664834	626342
34	1026	CITROEN	C5 1.6 e-HDI 115 CONFORT MCP	0	0	0	0	749619	712019	665121	633990
114	1077	PEUGEOT	308 ALLURE 1.6 e-HDI S&S 115	0	0	896736	838069	783236	675200	665460	0
800	1006	KIA	CEED CONCEPT 1.6 CRDI 128	0	0	0	0	864822	755017	665781	581343
19	1023	SEAT	LEON 1.6 TDI 105 REFERENCE	0	0	0	0	0	0	666228	0
53	986	FORD	FOCUS III TREND 1.6i 125 4K POWERSHIFT	0	0	0	0	0	707559	668697	631699
53	2002	FORD	FOCUS III TREND 1.6i (125) SW POWERSHIFT	0	0	0	0	0	0	668697	636798
53	985	FORD	FOCUS III TREND 1.6i 125 5K POWERSHIFT	0	0	0	0	0	0	668697	636798
111	1014	OPEL	ASTRA GTC 1.4 (140) SPORT AT6	0	0	0	0	0	750622	669550	586679
19	1012	SEAT	IBIZA SC 1.2 TSI 105 FR DSG	0	0	0	0	748205	702729	669615	643161
154	1043	VOLVO	V40 1.6 D2	0	0	0	0	854051	739066	670005	626826
89	435	MAZDA	3 HB IMPRESSIVE 1.6 (105) OV	0	0	0	0	0	0	670075	652699
123	2027	RENAULT	MEGANE COUPE GT-LINE 1.5 DCI 110 E5	0	0	0	0	0	0	670531	637005
111	717	OPEL	ASTRA HB 1.3 CDTi (95) COSMO	0	0	0	0	0	753180	671199	652650
177	1020	HYUNDAI	i30 1.6 CRDI STYLE	0	1047973	1010123	962335	914878	680440	671542	637700
144	738	TOYOTA	URBAN CRUISER 1.33 COMFORT	0	0	0	0	0	0	672622	623310
53	2021	FORD	FOCUS III TITANIUM 1.0i ECOBOOST (125) 5K	0	0	0	0	0	741568	672713	640641
133	381	SKODA	OCTAVIA ELEGANCE 1.4 TSI (122) DSG TIPTR	0	0	0	0	0	0	672971	648166
53	2007	FORD	FOCUS III TITANIUM 1.6i (125) SW	0	0	0	0	0	0	673556	641428
53	933	FORD	FOCUS III TITANIUM 1.6i (125) 4K	0	0	0	0	0	735901	673556	658046
53	930	FORD	FOCUS III TITANIUM 1.6i (125) 5K	0	0	0	0	0	734652	673736	641611
53	927	FORD	FOCUS III STYLE 1.6 TDCi (115) 5K	0	0	0	0	0	720772	674075	635704
114	1064	PEUGEOT	2008 ACTIVE e-HDI 92 AUTO6R	0	0	0	0	780341	716105	675567	0
114	1042	PEUGEOT	508 ACCESS 1.6 e-HDI 115 AUTO6R	0	0	0	0	841376	773765	676164	659926
53	2027	FORD	FOCUS III TREND X 1.6i 125 SW POWERSHIFT	0	0	0	0	0	0	678414	646068
53	2071	FORD	FOCUS III TITANIUM 1.0 ECOBOOST 125 4K	0	0	0	0	0	741568	678415	646068
53	2025	FORD	FOCUS III TREND X 1.6i 125 5K POWERSHIFT	0	0	0	0	0	726994	678415	646068
19	1013	SEAT	IBIZA SC 1.4 TSI 150 FR DSG	0	0	0	0	0	0	678620	657345
3	219	ALFA ROMEO	GIULIETTA 1.4 TB MULTIAIR 170 DISTINCTIVE	0	0	0	0	0	0	679438	640875
800	1021	KIA	CEED CONCEPT 1.6 (135) OV	0	0	0	0	0	766449	680239	592157
800	1029	KIA	CEED CONCEPT PLUS 1.6 CRDI 128	0	0	0	0	878245	856730	680593	592250
111	640	OPEL	INSIGNIA NB COSMO 1.6 (180)	0	0	0	0	0	0	680886	662081
111	1022	OPEL	INSIGNIA NB 1.4 140 EDITION	0	0	0	0	0	0	681576	636080
61	1018	HONDA	CIVIC HB 1.6 i-DTEC COMFORT	0	0	0	835315	788013	723156	682203	0
154	1039	VOLVO	V40 1.6 T4 POWERSHIFT	0	0	0	0	869825	752526	683359	639604
114	1005	PEUGEOT	3008 ACTIVE 1.6 e-HDI  AUTO6R	0	0	0	0	0	731311	683487	639987
154	1037	VOLVO	V40 1.6 T3 PREMIUM	0	0	0	0	868508	752521	683707	639604
34	286	CITROEN	C5 3 EXCLUSIVE 2.0 HDI OV	0	0	0	0	0	0	684864	652804
19	313	SEAT	ALTEA XL 1.6 TDI CR (105) STYLE	0	0	0	0	0	0	685215	662098
133	414	SKODA	OCTAVIA ELEGANCE 1.6 TDI CR (105)	0	0	0	0	0	0	685408	669183
111	1116	OPEL	MOKKA 1.4 140 FWD ENJOY	0	0	0	898454	811041	763624	685740	0
111	1043	OPEL	MOKKA 1.6 115 ENJOY	0	0	0	864022	817367	737678	685740	619726
53	2028	FORD	FOCUS III TREND X 1.6 TDCI 95 5K	0	0	0	0	0	707548	685763	581761
53	2006	FORD	FOCUS III STYLE 1.6 TDCi (115) SW	0	0	0	0	0	0	686700	653946
111	1102	OPEL	INSIGNIA NB 1.4 140 EDITION ELEGANCE MT6	0	0	0	0	843750	742938	687341	0
123	2025	RENAULT	MEGANE COUPE DYNAMIQUE 1.5 DCI 110 E5	0	0	0	0	0	0	688328	653910
34	1022	CITROEN	C5 1.6 e-HDI (115) EXECUTIVE MCP	0	0	0	0	842435	822216	689547	606610
111	1085	OPEL	ASTRA HB 1.3 DIZEL 95 S&S COSMO	0	0	0	0	0	0	689830	0
114	1069	PEUGEOT	508 ACTIVE 1.6 HDI 115	0	0	0	0	843192	752472	690347	0
133	415	SKODA	OCTAVIA ELEGANCE 1.6 TDI CR 105 DSG TIP	0	0	0	0	0	0	691589	675219
111	1093	OPEL	ASTRA HB 1.4 140 S&S COSMO	0	0	0	0	0	0	692713	0
111	1087	OPEL	ASTRA SPORT TOURER 1.4 140 S&S COSMO	0	0	0	0	0	0	692713	0
177	1049	HYUNDAI	ELANTRA 1.6 CVVT STYLE	0	0	0	0	0	0	692858	654167
53	988	FORD	FOCUS III STYLE 1.6i 125 4K POWERSHIFT	0	0	0	0	0	730417	692919	662109
154	1044	VOLVO	V40 1.6 D2 PREMIUM	0	0	0	973052	878270	761732	692926	649395
53	2005	FORD	FOCUS III STYLE 1.6i (125) SW POWERSHIFT	0	0	0	0	0	0	692981	659933
34	351	CITROEN	DS4 1.6 VTI (120) DSTYLE	0	0	0	0	0	0	694016	654053
111	738	OPEL	ASTRA ST 1.4 140 COSMO	0	0	0	0	0	0	694091	653785
144	739	TOYOTA	URBAN CRUISER 1.33 ELEGANT	0	0	0	0	0	0	694188	642587
421	2	MINI	MINI COOPER 1.6	0	0	0	0	0	0	694597	636187
3	221	ALFA ROMEO	GIULIETTA 1.6 JTD 105 DISTINCTIVE	0	0	0	0	820223	766386	694945	647657
144	756	TOYOTA	AURIS 1.33 COMFORT	0	0	0	0	0	0	695119	592413
34	342	CITROEN	C4 1.6 e-HDI (112) EXCLUSIVE MCP	0	0	0	0	0	0	695204	674874
34	1048	CITROEN	DS4 1.6 e-HDI 115 DSPORT MCP	0	0	0	0	747887	709905	696298	0
53	2026	FORD	FOCUS III TREND X 1.6i 125 4K POWERSHIFT	0	0	0	0	0	726207	696578	684756
154	1058	VOLVO	V40 1.6 D2 POWERSHIFT	0	0	0	977786	882998	766340	697186	0
800	1022	KIA	CEED CONCEPT 1.6 CRDI (128) OV	0	0	0	0	894808	785366	698003	610020
111	1117	OPEL	MOKKA 1.4 140 FWD S&S ENJOY	0	0	0	910709	825067	775541	700655	0
53	2013	FORD	MONDEO TREND 2.0 TDCi 163 POWERSHIFT SEDAN	0	0	0	0	0	736497	701424	642145
53	929	FORD	FOCUS III STYLE 1.6 TDCi (115) 4K	0	0	0	0	0	722138	701603	666069
154	439	VOLVO	V60 1.6 T4 POWERSSHIFT	0	0	0	0	865591	748460	702138	658635
111	735	OPEL	ASTRA ST 1.6 180 SPORT ACTIVE SELECT	0	0	0	0	0	0	704551	663254
122	1105	RENAULT (OYAK)	MEGANE HB JOY 1.6 16V 110	0	0	0	0	781228	742166	705056	669804
34	333	CITROEN	C5 2.0 HDI DYNAMIQUE OV	0	0	0	0	0	733396	705411	672394
154	1038	VOLVO	V40 1.6 T3 ADVANCE	0	0	0	0	897306	781424	706417	664618
53	2008	FORD	FOCUS III TITANIUM 1.6i (125) SW POWERSHIFT	0	0	0	0	0	754686	707559	673815
53	2023	FORD	FOCUS III TREND X 1.6i 125 4K	0	0	0	0	0	724612	707882	609545
111	1049	OPEL	CORSA OPC 1.6 (210) NURBURRING EDITION	0	0	0	0	0	802311	707981	673337
177	1051	HYUNDAI	ELANTRA 1.6 CVVT TUNE	0	0	0	0	0	0	708527	672394
61	1019	HONDA	CIVIC HB 1.6 i-DTEC SPORT	0	0	0	935532	882572	809921	709268	0
53	939	FORD	MONDEO TITANIUM 1.6i ECOBOOST (160) SEDA	0	0	0	0	0	766580	709760	618183
34	353	CITROEN	DS4 1.6 THP (156) DSPORT MCP	0	0	0	0	0	0	709969	646450
53	934	FORD	FOCUS III TITANIUM1.6i ECOBOOST (180) 4K	0	0	0	0	0	0	710496	676626
111	1119	OPEL	MOKKA 1.4 140 FWD COSMO	0	0	0	0	0	796093	710614	0
111	1106	OPEL	INSIGNIA NB 1.6 170 COSMO MT6	0	0	0	0	0	772042	710634	0
53	932	FORD	FOCUS III TITANIUM 1.6 TDCi (115) 5K	0	0	0	0	0	749854	710985	701020
154	1040	VOLVO	V40 1.6 T4 PREMIUM POWERSHIFT	0	0	0	0	897175	781479	711390	667366
111	1041	OPEL	ASTRA SEDAN 1.3 CDTI 95 COSMO	0	0	0	0	0	776023	711691	581534
53	2010	FORD	FOCUS III TITANIUM 1.6 TDCi (115) SW	0	0	0	0	0	749910	711917	677984
53	931	FORD	FOCUS III TITANIUM 1.6i ECOBOOST 180 5K	0	0	0	0	0	746430	713133	679113
53	2009	FORD	FOCUS III TITANIUM 1.6i ECOBOOST (180) SW	0	0	0	0	0	0	713376	679370
61	174	HONDA	CR-Z 1.5 SPORT HYBRID	0	0	0	0	0	0	714191	656361
177	1010	HYUNDAI	ELANTRA 1.6 D-CVVT MODE PLUS OV	0	0	0	0	0	0	714484	661719
111	755	OPEL	ASTRA ST 1.3 CTDI (95) COSMO	0	0	0	0	0	0	714719	661892
133	1068	SKODA	OCTAVIA AMBITION 1.6 TDI CR 105 GREENTECH	0	0	0	0	809656	749484	715104	0
111	1045	OPEL	MOKKA 1.6 115 COSMO	0	0	0	0	0	770101	715600	649535
111	1100	OPEL	INSIGNIA NB 1.6 170 EDITION AT6	0	0	0	0	908940	788792	716005	0
154	1049	VOLVO	V40 CROSS COUNTRY 1.6 D2	0	0	0	0	901563	785162	716016	672538
154	1045	VOLVO	V40 1.6 D2 ADVANCE	0	0	0	996728	901955	785168	716016	672566
133	1047	SKODA	OCTAVIA ELEGANCE 1.4 TSI 140	0	0	0	0	0	0	716085	0
19	314	SEAT	ALTEA XL 1.6 TDI CR (105) STYLE DSG	0	0	0	0	0	763785	716136	692725
154	437	VOLVO	S60 1.6 T4 POWERSHIFT	0	0	0	0	925836	762198	716198	672335
154	1008	VOLVO	V60 1.6 DRIVE POWERSHIFT	0	0	0	0	0	762115	716198	672373
154	512	VOLVO	V60 1.6 T4 PREMIUM POWERSHIFT	0	0	0	0	878205	762250	716198	672577
19	317	SEAT	LEON 1.2 TSI 105 STYLE	0	0	0	0	841960	821744	716372	558699
111	696	OPEL	ASTRA HB 1.6 (180) COSMO ACTIVE SELECT	0	0	0	0	0	0	717130	673106
144	1040	TOYOTA	AURIS 1.6 ACTIVE	0	964693	920403	883464	838447	780382	718041	0
111	1118	OPEL	MOKKA 1.4 140 AT FWD ENJOY	0	0	0	898454	847083	796093	718180	0
111	1120	OPEL	MOKKA 1.4 140 FWD S&S COSMO	0	0	0	938501	844006	801925	718180	0
61	1002	HONDA	CIVIC SEDAN 1.6 (125) DREAM (Y)	0	0	0	880214	830394	762026	718882	679381
122	1107	RENAULT (OYAK)	MEGANE HB JOY 1.5 DCI 90	0	0	0	0	797171	757312	719447	683474
53	942	FORD	MONDEO SELECTIVE 1.6i ECOBOOST 160 SEDAN	0	0	0	0	0	772713	719573	644807
154	1059	VOLVO	V40 1.6 D2 PREMIUM POWERSHIFT	0	0	0	0	818125	798648	720609	0
114	1054	PEUGEOT	508 ACTIVE 1.6 THP 156 OV	0	0	0	0	864164	778334	720688	0
19	281	SEAT	LEON 1.4 TSI (125) STYLE	0	0	0	0	0	0	721482	595713
123	2026	RENAULT	MEGANE COUPE DYNAMIQUE1.5 DCI EDC 110 E5	0	0	0	0	0	0	722744	686607
177	1050	HYUNDAI	ELANTRA 1.6 CVVT STYLE OV	0	0	0	0	0	0	725463	688024
133	1066	SKODA	OCTAVIA ELEGANCE 1.4 TSI 140 GREENTECH	0	0	0	0	0	0	725756	0
53	943	FORD	MONDEO SELECTIVE 1.6 TDCi (115) SEDAN	0	0	0	0	0	764938	727352	674627
177	1016	HYUNDAI	i30 1.6 GDI STYLE	0	0	0	823645	788334	767951	728334	594164
107	295	NISSAN	QASHQAI +2 1.6 TEKNA CONNECT GLASSROOF	0	0	0	0	0	0	728535	687429
111	1044	OPEL	MOKKA 1.4 140 AWD ENJOY	0	0	0	0	833065	770101	729025	675191
111	1042	OPEL	ASTRA SEDAN 1.3 CDTI 95 COSMO S&S	0	0	0	0	0	0	731142	663116
19	1022	SEAT	LEON 1.4 TSI 140 STYLE	0	0	0	0	0	0	731187	0
154	1046	VOLVO	V40 CROSS COUNTRY 1.6 T4 POWERSHIFT	0	0	0	1010588	915787	798608	731327	686393
122	1133	RENAULT (OYAK)	MEGANE HB PLAY 1.6 16V 110	0	0	0	0	0	771482	732906	0
61	1231	HONDA	CIVIC 1.8i V-TEC	0	0	0	0	0	0	732950	0
177	1011	HYUNDAI	ELANTRA 1.6 D-CVVT PRIME PLUS OV	0	0	0	0	0	0	733289	722898
114	885	PEUGEOT	508 ALLURE 1.6 THP 156 OV	0	0	0	0	0	785621	734224	714387
177	1009	HYUNDAI	ELANTRA 1.6 D-CVVT MODE PLUS	0	0	0	0	0	0	734260	722155
421	1001	MINI	COOPER D	0	0	0	0	890501	796479	734417	662435
111	1037	OPEL	ASTRA SEDAN 1.4 140 COSMO	0	0	0	0	808184	765698	734430	644928
144	740	TOYOTA	URBAN CRUISER 1.4 D-4D AWD COMFORT	0	0	0	0	0	0	735128	691600
177	1022	HYUNDAI	i30 1.6 CRDI ELITE	0	1116093	1075839	1011456	955091	845480	735860	702433
114	1066	PEUGEOT	2008 ALLURE 1.6 E-HDI 92	0	1012417	955107	901061	850056	780074	735911	0
61	175	HONDA	CR-Z 1.5 GT HYBRID	0	0	0	0	0	0	736279	676662
3	1001	ALFA ROMEO	GIULIETTA 1.4 TB M.AIR 170 TCT PROG.PLU	0	0	0	0	0	0	736835	649791
144	1047	TOYOTA	AURIS 1.4 D-4D LIFE	0	0	0	0	838447	780382	737062	0
19	1028	SEAT	LEON SC 1.2 TSI 105 STYLE DSG	0	0	0	0	0	0	737271	0
111	739	OPEL	ASTRA ST 1.4 140 COSMO ACTIVE SELECT	0	0	0	0	0	0	738639	691228
154	1041	VOLVO	V40 1.6 T4 ADVANCE POWERSHIFT	0	0	0	0	925655	808212	739020	695625
154	1050	VOLVO	V40 CROSS COUNTRY 1.6 D2 PREMIUM	0	0	0	0	925273	808212	739043	695649
154	1016	VOLVO	V60 2.0 D4 PREMIUM	0	0	0	0	0	0	739066	695478
144	1052	TOYOTA	AURIS 1.4 D-4D ADVANCE	0	1053324	1007798	975831	905637	847173	739265	0
107	1156	NISSAN	QASHQAI 1.6 TEKNA SPORT PACK	0	0	0	0	0	0	739449	0
154	458	VOLVO	S60 1.6 T4 PREMIUM EDITION POWERSHIFT	0	0	0	0	950731	786323	740101	701849
122	1109	RENAULT (OYAK)	MEGANE HB TOUCH 1.6 16V 110	0	0	0	0	0	779273	740310	703294
61	1017	HONDA	CIVIC SEDAN 1.6 125 DREAM ECO	0	0	0	906615	855305	784890	740451	0
53	935	FORD	FOCUS III TITANIUM 1.6i TDCi (115) 4K	0	0	0	0	0	751273	741772	716183
144	1050	TOYOTA	AURIS 1.4 D-4D ACTIVE SKYPACK	0	1081641	1038541	998886	927778	866570	742146	0
122	1106	RENAULT (OYAK)	MEGANE HB JOY 1.6 16V 115 CVT	0	0	0	0	822345	781228	742166	705056
111	752	OPEL	ASTRA HB 1.4 140 COSMO ACTIVE SELECT	0	0	0	0	919622	808341	742183	694545
154	1009	VOLVO	V60 1.6 DRIVE PREMIUM POWERSHIFT	0	0	0	0	0	789365	743285	700136
154	513	VOLVO	V60 1.6 T4 ADVANCE POWERSHIFT	0	0	0	0	906694	789777	743285	700280
111	1121	OPEL	MOKKA 1.4 140 AT FWD COSMO	0	0	0	964517	905134	836971	743494	0
154	1055	VOLVO	V40 CROSS COUNTRY 1.6 D2 POWERSHIFT	0	0	0	0	930398	812424	743649	0
154	1060	VOLVO	V40 1.6 D2 ADVANCE POWERSHIFT	0	0	0	0	930541	813747	743679	0
154	1005	VOLVO	S60 1.6 DRIVE PREMIUM POWERSHIFT	0	0	0	0	0	816250	744485	676431
111	1015	OPEL	ASTRA GTC 1.6 (180) SPORT MT6	0	0	0	0	0	0	744707	655139
123	2030	RENAULT	MEGANE COUPE GT-LINE 1.5 DCI EDC 110 E5	0	0	0	0	0	0	745036	707784
123	1019	RENAULT	MASTER 16+1 TURIZM	0	0	0	0	0	0	747946	710547
154	1052	VOLVO	V40 CROSS COUNTRY 2.0 T5 AWD PREMIUM G.TRONIC	0	0	0	0	944221	826664	748234	704901
800	1034	KIA	PRO CEED GT 1.6 T-GDI 204	0	0	0	0	948186	835482	749544	0
111	1001	OPEL	INSIGNIA NB 1.4 (140) EDITION ELEGANCE	0	0	0	0	0	0	750070	682097
123	2028	RENAULT	MEGANE COUPE GT-LINE ENERGY 1.6 DCI 130 E5	0	0	0	0	0	0	750074	712570
111	1112	OPEL	INSIGNIA SPORTS TOURER 1.6 170 EDITION AT6	0	0	0	0	937822	817473	750632	0
111	1038	OPEL	ASTRA SEDAN 1.4 140 COSMO S&S	0	0	0	0	0	0	750632	649514
114	1065	PEUGEOT	2008 ALLURE 1.6 VTI 120 OV	0	0	0	0	867062	795660	750633	0
122	1135	RENAULT (OYAK)	MEGANE HB PLAY 1.5 DCI 90	0	0	0	0	0	791202	751641	0
144	1043	TOYOTA	AURIS 1.6 ADVANCE	0	1038541	996459	964693	868704	809111	751646	0
114	978	PEUGEOT	RCZ YEARLING 1.6 THP 156	0	0	0	0	0	0	751731	678538
107	263	NISSAN	QASHQAI 1.6 TEKNA 4x2	0	0	0	0	0	0	754415	747014
53	987	FORD	FOCUS III STYLE 1.6i 125 5K POWERSHIFT	0	0	0	0	0	772704	754842	734275
122	1111	RENAULT (OYAK)	MEGANE HB TOUCH 1.5 DCI 90	0	0	0	0	0	795178	755419	717647
114	1043	PEUGEOT	508 ACTIVE 1.6 e-HDI 115 AUTO6R	0	0	0	0	921212	829711	756115	659296
53	2014	FORD	MONDEO TITANIUM 2.0 TDCi 163 POWERSHIFT SEDAN	0	0	0	0	0	794355	756538	683970
144	1048	TOYOTA	AURIS 1.4 D-4D ACTIVE	0	1038541	994253	957323	876088	816306	756596	679920
133	1073	SKODA	RAPID ELEGANCE 1.6 TDI CR 90 DSG	0	0	0	0	785926	767070	757046	0
122	1108	RENAULT (OYAK)	MEGANE HB JOY 1.5 DCI EDC 110	0	0	0	0	839126	797171	757312	719447
133	1067	SKODA	OCTAVIA ELEGANCE 1.4 TSI 140 DSG GREENTEC	0	0	0	0	954122	866414	757349	0
154	1012	VOLVO	S60 2.0 D4 GEARTRONIC	0	0	0	0	0	0	757618	706273
154	1047	VOLVO	V40 CROSS COUNTRY 1.6 T4 PREMIUM POWERSHIFT	0	0	0	0	944226	826662	757643	714131
144	1041	TOYOTA	AURIS 1.6 ACTIVE MULTIDRIVE S	0	1053324	1023777	994253	876088	816306	758817	0
144	741	TOYOTA	URBAN CRUISER 1.4 D-4D AWD ELEGANT	0	0	0	0	0	809111	758817	714255
94	1001	MITSUBISHI	ASX 1.8 INTENSE DIESEL 4x4	0	0	0	0	0	0	759225	726744
114	1046	PEUGEOT	3008 ALLURE 1.6 e-HDI 115 AUTO6R	0	0	0	0	928737	887610	759418	0
421	1007	MINI	COOPER BAKER STREET 1.6	0	0	0	0	0	0	759824	704849
61	1003	HONDA	CIVIC SEDAN 1.6 (125) DREAM OV (Y)	0	0	0	933040	880214	807751	762026	720138
154	497	VOLVO	S60 1.6 D2 DRIVE	0	0	0	0	973005	809555	762198	717799
154	1051	VOLVO	V40 CROSS COUNTRY 1.6 D2 ADVANCE	0	0	0	1044101	949495	831260	762250	718644
123	2046	RENAULT	CAPTUR TOUCH TURBO 90 S&S	0	0	966418	918098	844649	802417	762297	0
154	516	VOLVO	V60 2.0 T5 ADVANCE POWERSHIFT	0	0	0	0	926944	810657	762718	719536
154	459	VOLVO	S60 1.6 T4 ADVANCE EDITION POWERSSHIFT	0	0	0	0	974317	809262	763189	719656
144	712	TOYOTA	AVENSIS 1.6 ELEGANT (132)	0	0	0	0	882047	821857	763979	654176
53	2016	FORD	MONDEO SELECTIVE 2.0 TDCi 163 POWERSHIFT SW	0	0	0	0	0	810277	764138	725259
53	2015	FORD	MONDEO SELECTIVE 2.0TDCi 163 POWERSHIFT SEDAN	0	0	0	0	0	805753	764938	745839
111	1046	OPEL	MOKKA 1.4 140 AWD COSMO	0	0	0	0	868885	802562	765545	684528
154	1056	VOLVO	V40 CROSS COUNTRY 1.6 D2 PREMIUM POWERSHIFT	0	0	0	0	818125	798648	766687	0
107	296	NISSAN	QASHQAI +2 1.6 TEKNA PACK	0	0	0	0	0	0	766868	723619
111	751	OPEL	ASTRA HB 1.4 140 SPORT ACTIVE SELECT	0	0	0	0	810061	789112	770889	626833
122	1134	RENAULT (OYAK)	MEGANE HB PLAY 1.6 16V 115 CVT	0	0	0	0	0	812085	771482	0
53	2059	FORD	KUGA TREND X 1.6 ECOBOOST 150 2WD	0	0	0	0	0	838699	771616	0
154	1010	VOLVO	V60 1.6 DRIVE ADVANCE POWERSHIFT	0	0	0	0	0	817115	771787	728030
154	440	VOLVO	V60 1.6 T4 R-DESIGN POWERSHIFT	0	0	0	0	935332	817580	771930	727978
107	262	NISSAN	QASHQAI 1.6 VISIA 4x2	0	0	0	0	0	0	772604	752739
53	944	FORD	MONDEO SELECTIVE 2.0i ECOBOOST240P.SHIFT	0	0	0	0	0	0	772668	717831
133	1070	SKODA	OCTAVIA AMBITION 1.6 TDI CR 105 DSG GREENTEC	0	0	0	0	828570	784579	774318	0
133	1025	SKODA	OCTAVIA AMBITION 1.6 TDI CR 105 DSG TIPTRONIC	0	0	0	0	0	0	774318	621898
177	1046	HYUNDAI	i30 CW 1.6 CRDI STYLE	0	0	0	975514	930942	850735	774807	724814
111	740	OPEL	ASTRA ST 1.6 180 ACTIVE SELECT COSMO	0	0	0	0	0	0	775244	721944
114	872	PEUGEOT	3008 ALLURE 1.6 HDI (112)  AUTO6R	0	0	0	0	0	0	775388	711007
154	1013	VOLVO	S60 2.0 D4 PREMIUM GEARTRONIC	0	0	0	0	0	0	775563	734011
144	766	TOYOTA	AVENSIS 1.6 ELEGANT EXTRA	0	0	0	0	896922	829075	775641	662828
154	1053	VOLVO	V40 CROSS COUNTRY 2.0 T5 AWD ADVANCE G.TRONIC	0	0	0	1057496	963039	844710	775941	732140
34	348	CITROEN	DS3 RACING 1.6 THP 202	0	0	0	0	0	0	776669	699434
122	1113	RENAULT (OYAK)	MEGANE HB ICON 1.6 16V 110	0	0	0	0	0	818237	777325	738459
61	1016	HONDA	CIVIC SEDAN 1.6 125 DREAM ECO OV (Y)	0	0	0	951959	898075	824135	777480	0
61	1014	HONDA	CIVIC SEDAN 1.6 125 PREMIUM ECO (Y)	0	0	0	951959	898075	795870	777480	0
53	946	FORD	MONDEO SELECTIVE 2.0i ECOBO. 240 POW.SW	0	0	0	0	0	0	778535	718568
111	1039	OPEL	ASTRA SEDAN 1.4 140 COSMO ACTIVE SELECT	0	0	0	0	867435	816405	778986	682953
122	1110	RENAULT (OYAK)	MEGANE HB TOUCH 1.6 16V 115 CVT	0	0	0	0	0	820288	779273	740310
111	1107	OPEL	INSIGNIA NB 1.6 170 COSMO AT6	0	0	0	0	991160	921384	780055	0
154	519	VOLVO	V60 T6 AWD ADVANCE GEARTRONIC	0	0	0	0	0	0	780716	737342
111	1101	OPEL	INSIGNIA NB 2.0 D 130 EDITION AT6	0	0	0	0	0	910090	780940	0
144	1056	TOYOTA	AURIS 1.4 D-4D PREMIUM	0	0	1018593	987697	919418	856616	781344	0
61	1004	HONDA	CIVIC SEDAN 1.6 (125) PREMIUM (Y)	0	0	0	924226	871914	791840	781479	770626
111	1034	OPEL	ASTRA SEDAN 1.4 140 SPORT ACTIVE SELECT	0	0	0	0	864858	795224	782378	596169
800	1023	KIA	CEED CONCEPT PLUS 1.6 CRDI (128) OV	0	0	0	0	877816	808516	782960	759844
107	278	NISSAN	QASHQAI 1.5 DCI VISIA 4x2	0	0	0	0	0	0	784277	744425
123	2020	RENAULT	MEGANE SPORT TOURER EXTREME 1.5 DCI 110 E5	0	0	0	0	0	825992	784693	745458
111	1002	OPEL	INSIGNIA NB 2.0 CDTi (160)  ACTIVE SELECT	0	0	0	0	0	0	784726	748473
177	1021	HYUNDAI	i30 1.6 CRDI STYLE OV	0	0	0	0	0	851917	784930	772968
21	574	BMW	116i / 3	0	0	0	1104947	988548	861193	785533	725402
34	1056	CITROEN	DS5 1.6 e-HDI (115) DSPORT BMP6	0	0	0	0	986470	869845	786040	715691
154	498	VOLVO	S60 1.6 D2 DRIVE PREMIUM	0	0	0	0	998195	832340	786323	687532
154	1061	VOLVO	V40 1.6 D2 R-DESIGN POWERSHIFT	0	0	0	0	972616	833672	786653	0
154	1048	VOLVO	V40 CROSS COUNTRY 1.6 T4 ADVANCE	0	0	0	0	973054	854320	786831	741732
154	1042	VOLVO	V40 1.6 T4 R-DESIGN POWERSHIFT	0	0	0	0	973052	854266	786852	741888
133	1069	SKODA	OCTAVIA ELEGANCE 1.6 TDI CR 105 GREENTEC	0	0	0	0	959743	886230	787373	0
154	438	VOLVO	S60 1.6 T4 R-DESIGN POWERSSHIFT	0	0	0	0	998034	832298	787677	742851
122	1088	RENAULT (OYAK)	MEGANE HB GT-LINE 1.5 DCI 110 E5	0	0	0	949219	873282	829617	788137	748730
123	2052	RENAULT	MEGANE HB GT-LINE 1.5 DCI 110 E5	0	0	0	0	0	0	788861	0
154	1057	VOLVO	V40 CROSS COUNTRY 1.6 D2 ADVANCE POWERSHIFT	0	0	0	0	977786	858920	789365	0
154	1004	VOLVO	S60 1.6 DRIVE POWERSHIFT	0	0	0	0	0	835878	789905	746519
421	1008	MINI	COOPER BAYSWATER 1.6	0	0	0	0	0	0	790206	759173
122	1136	RENAULT (OYAK)	MEGANE HB PLAY 1.5 DCI 110 EDC	0	0	0	0	0	832843	791202	0
122	1115	RENAULT (OYAK)	MEGANE HB ICON 1.5 DCI 90	0	0	0	0	0	834936	793190	753530
133	1051	SKODA	OCTAVIA ELEGANCE 1.4 TSI 140 DSG	0	0	0	0	0	0	793938	0
421	1002	MINI	COOPER COUPE	0	0	0	0	992064	871860	794176	708581
144	1044	TOYOTA	AURIS 1.6 ADVANCE MULTIDRIVE S	0	1112387	1067470	1038541	920718	852191	794748	741575
114	1067	PEUGEOT	2008 ALLURE 1.6 E-HDI 92 AUTO6R	0	0	0	0	864830	842463	794773	0
122	1112	RENAULT (OYAK)	MEGANE HB TOUCH 1.5 DCI EDC 110	0	0	0	0	0	837029	795178	755419
114	1050	PEUGEOT	RCZ EVOLUTION 1.6 THP 156	0	0	0	0	953676	858931	795316	0
144	1051	TOYOTA	AURIS 1.4 D-4D ACTIVE SKYPACK M/M	0	0	0	0	994253	924031	795599	0
133	1052	SKODA	OCTAVIA COMBI ELEGANCE 1.6 TDI CR 105 GREENTE	0	0	0	0	965510	886507	797633	0
114	1007	PEUGEOT	3008 FELINE 1.6 e-HDI 115 AUTO6R	0	0	0	0	0	855350	799394	748521
53	990	FORD	FOCUS III TITANIUM 1.6i 125 4K P.SHIFT	0	0	0	0	0	818570	799664	777107
154	1011	VOLVO	V60 1.6 DRIVE R-DESIGN POWERSHIFT	0	0	0	0	0	844776	800022	757162
123	2049	RENAULT	CAPTUR ICON TURBO 90 S&S	0	0	1014739	964003	886882	842538	800411	0
144	1035	TOYOTA	AVENSIS 1.8 ELEGANT MULTIDRIVE S	0	0	0	0	928547	859387	801915	694934
114	886	PEUGEOT	508 ALLURE 1.6 e-HDI 112 AUTO6R	0	0	0	0	0	0	802225	655622
61	1012	HONDA	CIVIC SEDAN 1.6 125 ELEGANCE ECO (Y)	0	0	0	999552	942976	908689	805476	0
34	1015	CITROEN	DS5 1.6 THP (156) DSPORT OV	0	0	0	0	1011240	891696	805779	796496
107	1029	NISSAN	QASHQAI 1.6 TEKNA SPORT PACK CVT	0	0	0	0	0	0	805990	0
137	1003	SUBARU	XV 1.6 AWD CVT COMFORT	0	0	1043193	969012	919240	855161	807431	760495
154	520	VOLVO	V60 T6 AWD R-DESIGN GEARTRONIC	0	0	0	0	0	0	807567	765066
144	1049	TOYOTA	AURIS 1.4 D-4D ACTIVE M/M	0	0	0	0	933969	873027	807614	0
154	494	VOLVO	S60 2.0 T5 ADVANCE POWERSHIFT	0	0	0	0	1021960	854320	807862	765019
111	1105	OPEL	INSIGNIA NB 2.0 D 130 EDITION ELEGANCE AT6	0	0	0	0	902007	879317	808133	0
111	1025	OPEL	INSIGNIA NB EDITION ELEGANCE 2.0 CRDI 130 AS	0	0	0	0	0	0	808133	682441
154	1001	VOLVO	V60 1.6 T4 OCEAN RACE POWERSHIFT	0	0	0	0	0	0	808212	764996
154	478	VOLVO	S60 2.4 D5 AWD ADVANCE EDITION GEARTRONI	0	0	0	0	1021846	855599	808886	765863
122	1116	RENAULT (OYAK)	MEGANE HB ICON 1.5 DCI 110	0	0	0	0	0	851635	809054	768600
154	499	VOLVO	S60 1.6 D2 DRIVE ADVANCE	0	0	0	0	1021846	855431	809377	766014
177	1017	HYUNDAI	i30 1.6 GDI STYLE OV	0	0	0	0	0	823342	810968	653630
34	1014	CITROEN	DS5 1.6 e-HDI (112) DSPORT BMP6	0	0	0	0	0	0	811909	796496
9	522	AUDI	A1 1.4 TFSI (185) S TRONIC	0	0	0	0	0	0	813028	788638
61	1015	HONDA	CIVIC SEDAN 1.6 125 PREMIUM ECO OV (125)	0	0	0	999258	942706	918100	813107	0
61	1005	HONDA	CIVIC SEDAN 1.6 (125) PREMIUM OV (Y)	0	0	0	979682	924226	918100	813107	786719
144	1042	TOYOTA	AURIS 1.6 ACTIVE SKYPACK MULTIDRIVE S	0	1112387	1070288	1029946	933972	870187	815112	0
89	444	MAZDA	6 2.0 SPORT OV (155)	0	0	0	0	0	0	817303	670735
154	465	VOLVO	S60 2.0 T5 R-DESIGN POWERSHIFT	0	0	0	0	1031328	864281	818135	774252
122	1114	RENAULT (OYAK)	MEGANE HB ICON 1.6 16V 115 CVT	0	0	0	0	0	861302	818237	777325
123	2047	RENAULT	CAPTUR TOUCH 1.2 TURBO 120 EDC	0	1092242	1037628	985747	906888	861543	818465	0
177	1047	HYUNDAI	i30 CW 1.6 CRDI STYLE OV	0	0	0	0	0	886037	818650	770459
177	1018	HYUNDAI	i30 1.6 GDI ELITE	0	0	0	1052994	960789	870608	818735	772051
21	494	BMW	116i	0	0	0	1144607	1035641	908802	819058	752691
177	1052	HYUNDAI	ELANTRA 1.6 CVVT TUNE OV	0	0	0	0	0	0	819417	722465
3	1002	ALFA ROMEO	GIULIETTA 1.4 TB M.AIR 170 TCT DISTINCTIVE	0	0	0	0	995351	828698	820410	812856
111	1108	OPEL	INSIGNIA NB 2.0 D 160 COSMO AT6	0	0	0	0	1025218	945340	820425	0
111	1104	OPEL	INSIGNIA NB 1.6 170 EDITION ELEGANCE AT6	0	0	1057530	1005212	919174	831867	820994	0
153	1025	VOLKSWAGEN	AMAROK 2.0 BiTDI TRENDLINE 4x2	0	0	0	0	0	0	821726	755988
144	774	TOYOTA	AVENSIS 1.8 ELEGANT EXTRA MULTIDRIVE S	0	0	0	0	951203	879701	821857	710729
144	714	TOYOTA	AVENSIS 2.0 D-4D PREMIUM	0	0	0	0	1092440	878963	821857	711903
53	989	FORD	FOCUS III TITANIUM 1.6i 125 5K P.SHIFT	0	0	0	0	0	841475	822037	672310
421	9	MINI	MINI COOPER S CLUBMAN 1.6	0	0	0	0	0	0	822081	671280
61	1006	HONDA	CIVIC SEDAN 1.6 (125) ELEGANCE (Y)	0	0	0	970438	915512	908689	822504	811081
177	1042	HYUNDAI	i40 1.6 GDI (135) PRIME	0	0	0	0	0	916792	823559	738782
34	1049	CITROEN	DS5 2.0 HDI DSPORT OV	0	0	0	0	0	0	824461	750671
133	424	SKODA	SUPERB ELEGANCE 1.6 TDI CR (105)	0	0	0	0	0	0	825397	747125
421	1004	MINI	COOPER D COUNTRYMAN	0	0	0	0	1045996	928687	825484	787918
123	2004	RENAULT	MEGANE SPORT TOURER PRIVILEGE 1.5 DCI 110 E5	0	0	0	0	0	869466	825992	784693
133	1027	SKODA	SUPERB ACTIVE 1.6 TD CR 105	0	0	0	0	0	0	826614	686200
133	1053	SKODA	OCTAVIA COMBI ELEGANCE 1.6 TDI CR 105 DSG GRE	0	0	0	0	1011741	920684	827254	0
19	1024	SEAT	LEON 1.4 TSI 140 FR	0	0	0	0	956328	942587	827286	0
107	1009	NISSAN	QASHQAI 1.6 BLACK EDITION	0	0	0	0	0	0	827914	773911
154	1015	VOLVO	S60 2.0 D4 R-DESIGN GEARTRONIC	0	0	0	1186450	1044112	877433	831234	788020
133	1026	SKODA	SUPERB ACTIVE 1.4 TSI 125	0	0	0	0	0	0	831684	738256
800	1028	KIA	CEED PREMIUM 1.6 CRDI (128) OV	0	0	0	0	946030	851841	832158	649526
61	1021	HONDA	CIVIC SEDAN 1.6 125 ELEGANCE SMART	0	0	0	0	961293	882149	832207	0
154	517	VOLVO	V60 2.0 T5 R-DESIGN POWERSHIFT	0	0	0	0	997985	878684	832468	789258
137	1005	SUBARU	XV 1.6 AWD CVT ELEGANCE	0	0	1068000	993706	944065	879794	833098	783173
19	311	SEAT	LEON 1.6 TDI CR (105) STYLE	0	0	0	0	885899	852873	833168	696494
107	297	NISSAN	QASHQAI +2 1.6 PLATINUM	0	0	0	0	0	0	833570	786534
114	1004	PEUGEOT	508 SW ALLURE 2.0 HDI (163) OV	0	0	0	0	0	892229	833869	780806
421	4	MINI	MINI COOPER 1.6 CABRIO	0	0	0	0	1001915	903885	834674	758492
123	2050	RENAULT	CAPTUR ICON 1.2 TURBO EDC 120	0	1114085	1058382	1005463	925025	878773	834835	0
122	1117	RENAULT (OYAK)	MEGANE HB ICON 1.5 DCI EDC 110	0	0	0	0	0	878880	834936	793190
123	2053	RENAULT	MEGANE HB GT-LINE ENERGY 1.6 DCI 130 E5	0	0	0	0	0	882438	838318	0
153	1058	VOLKSWAGEN	AMAROK 2.0 BiTDI 180 TRENDLINE	0	0	0	0	0	873433	838496	771417
154	1006	VOLVO	S60 1.6 DRIVE ADVANCE POWERSHIFT	0	0	0	0	0	956354	840603	707590
111	1640	OPEL	ASTRA J HB ACTIVE 1.7 CDTI (130)	0	0	0	0	0	0	841304	0
421	1012	MINI	MINI COOPER PACEMAN 1.6	0	0	0	0	1007214	893032	842118	0
9	1025	AUDI	A1 SPORTBACK 1.6 TDI (90) S TRONIC	0	0	0	0	895712	868840	842774	817492
153	987	VOLKSWAGEN	JETTA 1.6 TDI (105) TRENDLINE	0	0	0	0	944691	878563	843422	775947
123	2021	RENAULT	MEGANE SPORT TOURER GT-LINE 1.5 DCI 110 E5	0	0	0	0	0	888507	844080	801875
133	365	SKODA	SUPERB COMFORT 1.4 TSI (125)	0	0	0	0	0	0	844387	775985
114	1044	PEUGEOT	508 ALLURE 1.6 e-HDI 115 AUTO6R	0	0	0	0	1007297	871292	844509	783470
421	3	MINI	MINI COOPER S 1.6	0	0	0	0	0	0	844701	768067
53	2060	FORD	KUGA TREND X 1.6 ECOBOOST 180 4WD A/T	0	0	0	0	0	918724	845218	0
154	530	VOLVO	V60 2.4 D5 AWD ADVANCE GEARTRONIC	0	0	0	0	0	0	845828	804003
111	1113	OPEL	INSIGNIA SPORTS TOURER 2.0 D 160 COSMO AT6	0	0	0	0	1038596	950804	845847	0
144	1054	TOYOTA	AURIS 1.4 D-4D ADVANCE SKYPACK	0	1119774	1075477	1038541	979475	908499	847173	0
111	1109	OPEL	INSIGNIA NB 2.0 D 195 COSMO AT6	0	0	0	0	0	964216	847329	0
177	1048	HYUNDAI	i30 CW 1.6 CRDI ELITE OV	0	0	0	0	0	875676	850735	807485
133	1054	SKODA	SUPERB ACTIVE 1.4 TSI 125 GREENTECH	0	0	0	0	998578	945951	850867	0
111	1040	OPEL	ASTRA SEDAN 1.6 180 COSMO ACTIVE SELECT	0	0	0	0	0	0	851184	744467
144	1057	TOYOTA	AURIS 1.4 D-4D PREMIUM M/M	0	0	0	0	1036906	986262	852098	0
153	984	VOLKSWAGEN	JETTA 1.2 TSI (105) TRENDLINE	0	0	0	1026270	954430	887621	852116	783946
144	1053	TOYOTA	AURIS 1.4 D-4D ADVANCE M/M	0	0	0	0	962252	902479	852191	0
107	1013	NISSAN	QASHQAI 1.6 VISIA CVT	0	0	0	0	0	0	852927	839779
123	2007	RENAULT	LATITUDE EXPRESSION 1.5 DCI 110 E5	0	0	0	0	945357	898089	853184	810527
137	161	SUBARU	LEGACY AWD SEDAN 2.0 CVT ELEGANCE	0	0	0	0	0	946415	853934	763690
144	1418	TOYOTA	PRIUS C HYBRID 1.5	0	0	0	0	0	0	854178	0
154	1018	VOLVO	V60 2.0 D4 VOLVO OCEAN RACE GEARTRONIC	0	0	0	0	0	0	854320	811129
154	496	VOLVO	S60 T6 AWD ADVANCE GEARTRONIC	0	0	0	0	0	0	854466	811276
154	480	VOLVO	S60 2.4 D5 AWD R-DESIGN GEARTRONIC	0	0	0	0	1067915	900410	854594	810414
61	1022	HONDA	CIVIC SEDAN 1.6 125 ELEGANCE SMART ECO	0	0	0	0	990123	908606	857174	0
111	1068	OPEL	MOKKA ENJOY 1.7 CDTI 130 AT  FWD	0	0	0	0	0	909705	857773	779560
19	1030	SEAT	LEON SC 1.6 TDI 105 STYLE DSG	0	0	0	0	946921	902931	857926	0
19	312	SEAT	LEON 1.6 TDI CR (105) STYLE DSG	0	0	0	0	946921	902931	857926	773442
90	2032	MERCEDES	A 180 CDI PRIME	0	0	0	0	1008649	958216	862395	776086
123	2029	RENAULT	MEGANE S.TOURER PRIVIL. ENERGY 1.6 DCI 130 E5	0	0	0	0	0	909732	864245	821033
114	1051	PEUGEOT	RCZ EVOLUTION 1.6 THP 156 OV	0	0	0	0	1036582	933630	864461	0
107	279	NISSAN	QASHQAI 1.5 DCI TEKNA 4x2	0	0	0	0	0	0	865648	766336
144	1082	TOYOTA	AVENSIS 2.0 ELEGANT EXTRA MULTIDRIVE S	0	0	0	0	986844	924031	866570	0
144	1028	TOYOTA	AVENSIS 2.0 D-4D PREMIUM (124)	0	0	0	0	0	924031	866570	757271
154	1007	VOLVO	S60 1.6 DRIVE R-DESIGN POWERSHIFT	0	0	0	0	0	1009141	868269	825242
153	72	VOLKSWAGEN	JETTA 1.4 TSI (122) TRENDLINE	0	0	0	0	973908	905736	869505	799945
137	1006	SUBARU	XV 1.6 AWD CVT PREMIUM	0	0	1106684	1033395	983892	918224	870290	821779
19	1026	SEAT	LEON 1.2 TSI 105 STYLE DSG	0	0	0	0	930074	883979	872414	0
61	1023	HONDA	CIVIC SEDAN 1.6 125 ELEGANCE SMART OV	0	0	0	0	1009365	926253	873810	0
154	531	VOLVO	V60 2.4 D5 AWD R-DESIGN AWD GEARTRONIC	0	0	0	0	0	0	874032	832266
107	1022	NISSAN	QASHQAI 1.5 DCI TEKNA SPORT PACK	0	0	0	0	0	0	875667	818535
122	1089	RENAULT (OYAK)	MEGANE HB GT-LINE 1.5 DCI 110 EDC E5	0	0	0	1054688	970313	921797	875706	831922
133	1055	SKODA	SUPERB AMBITION 1.6 TDI CR 105 GREENTECH	0	0	0	0	1064019	971404	876258	0
123	2054	RENAULT	MEGANE HB GT-LINE 1.5 DCI 110 EDC E5	0	0	0	0	0	0	876512	0
21	1875	BMW	116i M SPORT	0	0	0	0	0	0	876743	0
107	1007	NISSAN	QASHQAI 1.6 PLATINUM CVT	0	0	0	0	0	0	877095	819867
153	989	VOLKSWAGEN	JETTA 1.6 TDI (105) COMFORTLINE	0	0	0	0	982480	913705	877157	806985
133	1071	SKODA	OCTAVIA ELEGANCE 1.6 TDI CR 105 DSG GREENTECH	0	0	0	0	1045622	916566	878110	0
114	887	PEUGEOT	508 ALLURE 2.0 HDI 163 OV	0	0	0	0	1033735	939758	878282	822407
90	2031	MERCEDES	A 180 PRIME	0	0	0	0	1027653	976273	878645	790711
111	1110	OPEL	INSIGNIA NB 2.0 D 160 COSMO AT6 AWD	0	0	0	0	0	1010261	880451	0
122	1068	RENAULT (OYAK)	MEGANE HB GT-LINE ENERGY 1.6 DCI 130 E5	0	0	0	0	0	0	881630	837548
21	1034	BMW	116i 5 KAPI OV	0	0	0	1104947	1016992	962205	881819	805896
133	371	SKODA	SUPERB ELEGANCE 1.4 TSI (125)	0	0	0	0	0	0	882480	789154
111	1091	OPEL	INSIGNIA NB 2.0 130 DIZEL EDITION ELEGANCE AS	0	0	0	0	0	0	882693	0
107	1010	NISSAN	QASHQAI 1.6 BLACK EDITON CVT	0	0	0	0	0	0	885860	835352
144	1083	TOYOTA	AVENSIS 2.0 D-4D ELEGANT EXTRA	0	0	0	0	1007813	945581	888114	0
153	912	VOLKSWAGEN	SCIROCCO 1.4 TSI (122) SPORTLINE	0	0	0	0	1055426	960438	893206	821750
153	985	VOLKSWAGEN	JETTA 1.2 TSI (105) COMFORTLINE	0	0	0	1080284	1004665	934338	896963	825206
123	2068	RENAULT	LATITUDE EXPRESSION 1.5 DCI 110 EDC	0	0	0	1081643	995113	945357	898089	0
114	979	PEUGEOT	RCZ YEARLING 1.6 THP 200	0	0	0	0	0	0	898796	811278
111	1074	OPEL	INSIGNIA ST 2.0 220 ACTIVE SELECT	0	0	0	0	0	0	899277	0
111	1069	OPEL	MOKKA COSMO 1.7 CDTI 130 AT FWD	0	0	0	0	0	964831	899930	819540
61	1024	HONDA	CIVIC SEDAN 1.6 125 ELEGANCE SMART ECO OV	0	0	0	0	1039641	954031	900031	0
153	1040	VOLKSWAGEN	GOLF VII 1.2 TSI BMT 105 MIDLINE PLUS	0	0	0	0	987775	938387	900850	828783
107	1030	NISSAN	QASHQAI 1.6 TEKNA SKY PACK	0	0	0	0	0	0	901748	842929
800	1035	KIA	SPORTAGE 1.6 135 COMFORT	0	0	0	0	976892	927503	904418	0
21	629	BMW	116i JOY EDITION	0	0	0	1111357	994297	983305	905486	803451
153	1050	VOLKSWAGEN	GOLF VII 1.6 TDI 105 COMFORTLINE	0	0	0	0	0	0	906201	833706
144	1055	TOYOTA	AURIS 1.4 D-4D ADVANCE SKYPACK M/M	0	0	0	0	1004128	955746	906476	0
114	1052	PEUGEOT	RCZ EVOLUTION 1.6 THP 200	0	0	0	0	1088427	980314	907693	0
90	2034	MERCEDES	A 180 CDI STYLE	0	0	0	0	1061736	1008649	907783	816933
19	1009	SEAT	LEON 1.4 TSI (125) FR	0	0	0	0	0	929494	908022	721600
153	756	VOLKSWAGEN	JETTA 1.4 TSI COMFORTLINE (122)	0	0	0	0	1025167	953406	915269	842047
153	1085	VOLKSWAGEN	GOLF VII 1.6 TDI BMT 105 COMFORTLINE	0	0	0	0	1003678	953495	915356	0
153	1033	VOLKSWAGEN	JETTA 1.2 TSI 105 TRENDLINE TIPTRONIC DSG	0	0	0	1103516	1026270	954430	916254	842952
19	1029	SEAT	LEON SC 1.4 TSI 140 FR	0	0	0	0	0	955819	919294	0
133	435	SKODA	SUPERB ELEGANCE 2.0 TDI CR 140 4x4 DS T.	0	0	0	0	0	0	920633	829317
800	196	KIA	SPORTAGE 1.6 (135)	0	0	0	0	0	0	922159	828935
111	1088	OPEL	INSIGNIA NB 2.0 220 COSMO ACTIVE SELECT	0	0	0	0	0	0	925864	0
89	1017	MAZDA	6 SPORT 2.0 SKY-G	0	0	0	0	1065659	953491	926669	0
133	387	SKODA	SUPERB ELEGANCE 2.0 TDI CR (170) 4x4	0	0	0	0	0	0	926917	833661
133	434	SKODA	SUPERB ELEGANCE 2.0 TDI CR 140 DSG TIPT.	0	0	0	0	0	0	927033	836054
144	1267	TOYOTA	CAMRY GL 2.5	0	0	0	0	0	0	931215	0
421	1003	MINI	COOPER S COUPE	0	0	0	0	1163021	1023890	932759	806527
421	10	MINI	COOPER JCW CLUBMAN	0	0	0	0	0	0	932759	829840
